,Tipo de suelo,pH del suelo,Necesidades de riego (ml/semana),Temperatura (C),Humedad (%),Fertilizacion (g/planta),Enfermedades,Plagas,Altura de la planta (cm),Peso del fruto (g),Color del fruto,Rendimiento (frutos/planta),Estado de salud,Rango Estado De Salud
0,Arenoso,6.2,320.0,26.0,63.0,75.0,No,No,62.0,210.0,Rojo,16.0,En riesgo,0.29307977370522575
1,Arcilloso,7.3,420.0,23.0,72.0,60.0,Si,No,58.0,180.0,Rojo,13.0,En riesgo,0.3630797737052257
2,Limoso,5.3,230.0,29.0,53.0,35.0,No,Si,45.0,140.0,Amarillo,9.0,Enfermo,0.22307977370522572
3,Arenoso,5.8,370.0,25.0,66.0,80.0,No,No,67.0,230.0,Rojo,18.0,Enfermo,0.27307977370522574
4,Arcilloso,7.7,470.0,21.0,76.0,40.0,Si,Si,32.0,90.0,Naranja,4.0,En riesgo,0.3730797737052257
5,Limoso,4.8,180.0,31.0,51.0,50.0,No,No,53.0,160.0,Rojo,11.0,Enfermo,0.20307977370522576
6,Arenoso,6.4,340.0,27.0,64.0,60.0,No,No,64.0,220.0,Rojo,17.0,Saludable,0.3230797737052258
7,Arcilloso,7.1,410.0,24.0,73.0,80.0,Si,No,60.0,190.0,Rojo,14.0,En riesgo,0.3730797737052257
8,Limoso,5.4,240.0,28.0,54.0,45.0,No,Si,47.0,150.0,Amarillo,10.0,Enfermo,0.22307977370522572
9,Arenoso,6.1,360.0,26.0,65.0,90.0,No,No,69.0,240.0,Rojo,19.0,En riesgo,0.30307977370522576
10,Arcilloso,7.6,460.0,22.0,75.0,70.0,Si,Si,37.0,110.0,Naranja,6.0,En riesgo,0.3830797737052257
11,Limoso,5.2,220.0,30.0,52.0,40.0,No,No,51.0,130.0,Rojo,8.0,Enfermo,0.22307977370522572
12,Arenoso,6.3,330.0,27.0,64.0,70.0,No,No,65.0,210.0,Rojo,17.0,Saludable,0.3230797737052258
13,Arcilloso,7.2,430.0,23.0,74.0,55.0,Si,No,55.0,180.0,Rojo,13.0,En riesgo,0.3730797737052257
14,Limoso,5.5,250.0,29.0,53.0,50.0,No,Si,48.0,160.0,Amarillo,10.0,Enfermo,0.23307977370522573
15,Arenoso,6.0,350.0,28.0,66.0,85.0,No,No,70.0,250.0,Rojo,20.0,Saludable,0.3330797737052258
16,Arcilloso,7.5,450.0,22.0,76.0,65.0,Si,Si,38.0,120.0,Naranja,5.0,En riesgo,0.3830797737052257
17,Limoso,5.7,270.0,31.0,55.0,60.0,No,No,52.0,140.0,Rojo,9.0,Enfermo,0.28307977370522575
18,Arenoso,6.6,380.0,27.0,65.0,75.0,No,No,68.0,230.0,Rojo,18.0,Saludable,0.3430797737052257
19,Arcilloso,7.4,470.0,23.0,75.0,60.0,Si,No,57.0,190.0,Rojo,14.0,En riesgo,0.39307977370522573
20,Limoso,5.6,260.0,29.0,54.0,55.0,No,Si,50.0,150.0,Amarillo,11.0,Enfermo,0.24307977370522574
21,Arenoso,6.7,390.0,28.0,66.0,80.0,No,No,71.0,240.0,Rojo,19.0,Saludable,0.3730797737052257
22,Arcilloso,7.3,480.0,22.0,76.0,70.0,Si,Si,40.0,100.0,Naranja,6.0,En riesgo,0.3730797737052257
23,Limoso,5.8,280.0,31.0,55.0,65.0,No,No,54.0,160.0,Rojo,10.0,En riesgo,0.28307977370522575
24,Arenoso,6.8,400.0,27.0,65.0,90.0,No,No,69.0,250.0,Rojo,20.0,Saludable,0.3630797737052257
25,Arcilloso,7.2,460.0,23.0,75.0,75.0,Si,No,35.0,110.0,Naranja,4.0,En riesgo,0.3730797737052257
26,Limoso,5.9,290.0,30.0,56.0,70.0,No,Si,49.0,170.0,Amarillo,12.0,En riesgo,0.28307977370522575
27,Arenoso,6.9,410.0,28.0,66.0,95.0,No,No,72.0,260.0,Rojo,21.0,Saludable,0.39307977370522573
28,Arcilloso,7.1,470.0,22.0,76.0,80.0,Si,Si,36.0,120.0,Naranja,5.0,En riesgo,0.3530797737052257
29,Limoso,6.0,300.0,31.0,57.0,75.0,No,No,55.0,180.0,Rojo,11.0,Saludable,0.3130797737052258
30,Arenoso,7.0,420.0,27.0,65.0,100.0,No,No,70.0,260.0,Rojo,22.0,Saludable,0.3730797737052257
31,Arcilloso,7.2,480.0,23.0,75.0,85.0,Si,No,34.0,110.0,Naranja,4.0,En riesgo,0.3730797737052257
32,Limoso,6.1,310.0,30.0,58.0,80.0,No,Si,48.0,170.0,Amarillo,13.0,En riesgo,0.3130797737052258
33,Arenoso,7.1,430.0,28.0,66.0,105.0,No,No,71.0,270.0,Rojo,23.0,Saludable,0.40307977370522574
34,Arcilloso,7.3,490.0,22.0,76.0,90.0,Si,Si,33.0,100.0,Naranja,5.0,En riesgo,0.3730797737052257
35,Limoso,6.2,320.0,31.0,59.0,85.0,No,No,56.0,190.0,Rojo,12.0,Saludable,0.3330797737052258
36,Arenoso,7.2,440.0,27.0,65.0,110.0,No,No,72.0,270.0,Rojo,24.0,Saludable,0.3830797737052257
37,Arcilloso,7.4,500.0,23.0,75.0,95.0,Si,No,32.0,120.0,Naranja,4.0,En riesgo,0.39307977370522573
38,Limoso,6.3,330.0,30.0,60.0,90.0,No,Si,47.0,200.0,Amarillo,14.0,En riesgo,0.3430797737052257
39,Arenoso,7.3,450.0,28.0,66.0,115.0,No,No,73.0,280.0,Rojo,25.0,Saludable,0.41307977370522575
40,Arcilloso,7.5,510.0,22.0,76.0,100.0,Si,Si,31.0,130.0,Naranja,5.0,En riesgo,0.3830797737052257
41,Limoso,6.4,340.0,31.0,61.0,95.0,No,No,58.0,210.0,Rojo,13.0,Saludable,0.3630797737052257
42,Arenoso,7.4,460.0,27.0,65.0,120.0,No,No,74.0,280.0,Rojo,26.0,Saludable,0.39307977370522573
43,Arcilloso,7.6,520.0,23.0,75.0,105.0,Si,No,30.0,140.0,Naranja,4.0,En riesgo,0.40307977370522574
44,Limoso,6.5,350.0,30.0,62.0,100.0,No,Si,46.0,220.0,Amarillo,15.0,En riesgo,0.3630797737052257
45,Arenoso,6.0,300.0,25.0,60.0,50.0,No,No,50.0,150.0,Rojo,10.0,Enfermo,0.2530797737052257
46,Arcilloso,7.0,400.0,22.0,70.0,75.0,Si,No,65.0,200.0,Rojo,15.0,En riesgo,0.3230797737052258
47,Limoso,5.0,250.0,28.0,55.0,25.0,No,Si,40.0,120.0,Amarillo,8.0,Enfermo,0.21307977370522577
48,Arenoso,6.0,350.0,24.0,65.0,100.0,No,No,70.0,250.0,Rojo,20.0,Enfermo,0.26307977370522573
49,Arcilloso,7.0,450.0,20.0,75.0,50.0,Si,Si,35.0,100.0,Naranja,5.0,En riesgo,0.3130797737052258
50,Limoso,5.0,200.0,30.0,50.0,75.0,No,No,55.0,180.0,Rojo,12.0,Enfermo,0.20307977370522576
51,Arenoso,6.0,320.0,26.0,63.0,75.0,No,No,62.0,210.0,Rojo,16.0,En riesgo,0.28307977370522575
52,Arcilloso,7.0,420.0,23.0,72.0,60.0,Si,No,58.0,180.0,Rojo,13.0,En riesgo,0.3430797737052257
53,Limoso,5.0,230.0,29.0,53.0,35.0,No,Si,45.0,140.0,Amarillo,9.0,Enfermo,0.20307977370522576
54,Arenoso,5.0,370.0,25.0,66.0,80.0,No,No,67.0,230.0,Rojo,18.0,Enfermo,0.22307977370522572
55,Arcilloso,7.0,470.0,21.0,76.0,40.0,Si,Si,32.0,90.0,Naranja,4.0,En riesgo,0.3330797737052258
56,Limoso,4.0,180.0,31.0,51.0,50.0,No,No,53.0,160.0,Rojo,11.0,Enfermo,0.16307977370522575
57,Arenoso,6.0,340.0,27.0,64.0,60.0,No,No,64.0,220.0,Rojo,17.0,En riesgo,0.30307977370522576
58,Arcilloso,7.0,410.0,24.0,73.0,80.0,Si,No,60.0,190.0,Rojo,14.0,En riesgo,0.3730797737052257
59,Limoso,5.0,240.0,28.0,54.0,45.0,No,Si,47.0,150.0,Amarillo,10.0,Enfermo,0.20307977370522576
60,Arenoso,6.0,360.0,26.0,65.0,90.0,No,No,69.0,240.0,Rojo,19.0,En riesgo,0.29307977370522575
61,Arcilloso,7.0,460.0,22.0,75.0,70.0,Si,Si,37.0,110.0,Naranja,6.0,En riesgo,0.3430797737052257
62,Arenoso,6.7,390.0,25.0,63.0,60.0,No,No,61.0,200.0,Rojo,15.0,Saludable,0.3130797737052258
63,Arcilloso,7.1,410.0,24.0,72.0,55.0,Si,No,57.0,190.0,Amarillo,12.0,En riesgo,0.3730797737052257
64,Limoso,5.9,270.0,29.0,54.0,45.0,No,Si,43.0,130.0,Naranja,8.0,Enfermo,0.26307977370522573
65,Arenoso,6.4,360.0,26.0,67.0,70.0,No,No,68.0,220.0,Rojo,18.0,Saludable,0.3330797737052258
66,Arcilloso,7.8,480.0,21.0,77.0,50.0,Si,Si,33.0,100.0,Naranja,5.0,En riesgo,0.3830797737052257
67,Limoso,5.7,190.0,31.0,52.0,55.0,No,No,52.0,150.0,Rojo,10.0,Enfermo,0.26307977370522573
68,Arenoso,6.6,330.0,27.0,65.0,75.0,No,No,67.0,230.0,Rojo,17.0,Saludable,0.3430797737052257
69,Arcilloso,7.3,430.0,22.0,74.0,85.0,Si,No,63.0,210.0,Amarillo,14.0,En riesgo,0.3530797737052257
70,Limoso,5.5,240.0,28.0,56.0,40.0,No,Si,49.0,170.0,Rojo,11.0,Enfermo,0.24307977370522574
71,Arenoso,6.2,380.0,26.0,64.0,80.0,No,No,70.0,250.0,Rojo,19.0,En riesgo,0.30307977370522576
72,Arcilloso,7.6,460.0,23.0,75.0,65.0,Si,Si,38.0,120.0,Naranja,6.0,En riesgo,0.40307977370522574
73,Limoso,5.8,200.0,30.0,53.0,50.0,No,No,50.0,160.0,Amarillo,9.0,Enfermo,0.26307977370522573
74,Arenoso,6.5,340.0,27.0,66.0,90.0,No,No,66.0,240.0,Rojo,20.0,Saludable,0.3430797737052257
75,Arcilloso,7.2,420.0,24.0,73.0,60.0,Si,No,59.0,200.0,Rojo,16.0,En riesgo,0.3830797737052257
76,Limoso,5.6,250.0,29.0,55.0,35.0,No,Si,46.0,140.0,Naranja,7.0,Enfermo,0.2530797737052257
77,Arenoso,6.3,370.0,25.0,65.0,85.0,No,No,69.0,230.0,Rojo,18.0,En riesgo,0.30307977370522576
78,Arcilloso,7.7,470.0,22.0,76.0,70.0,Si,Si,37.0,110.0,Amarillo,13.0,En riesgo,0.39307977370522573
79,Limoso,5.4,210.0,31.0,51.0,60.0,No,No,51.0,170.0,Rojo,10.0,Enfermo,0.23307977370522573
80,Arenoso,6.8,400.0,26.0,66.0,95.0,No,No,70.0,260.0,Rojo,21.0,Saludable,0.3530797737052257
81,Arcilloso,7.4,450.0,23.0,75.0,55.0,Si,No,56.0,190.0,Naranja,15.0,En riesgo,0.39307977370522573
82,Limoso,6.1,290.0,30.0,57.0,70.0,No,Si,48.0,160.0,Rojo,12.0,En riesgo,0.30307977370522576
83,Arenoso,7.0,430.0,27.0,65.0,100.0,No,No,71.0,270.0,Rojo,22.0,Saludable,0.3730797737052257
84,Arcilloso,7.5,480.0,22.0,76.0,75.0,Si,Si,35.0,120.0,Amarillo,17.0,En riesgo,0.3830797737052257
85,Limoso,6.0,230.0,31.0,52.0,65.0,No,No,53.0,180.0,Rojo,11.0,Enfermo,0.28307977370522575
86,Arenoso,6.9,410.0,26.0,67.0,105.0,No,No,68.0,280.0,Rojo,23.0,Saludable,0.3630797737052257
87,Arcilloso,7.3,450.0,23.0,75.0,60.0,Si,No,62.0,220.0,Naranja,18.0,En riesgo,0.3830797737052257
88,Limoso,6.2,300.0,30.0,58.0,75.0,No,Si,47.0,150.0,Rojo,13.0,En riesgo,0.3230797737052258
89,Arenoso,7.1,440.0,27.0,65.0,110.0,No,No,72.0,270.0,Rojo,24.0,Saludable,0.3830797737052257
90,Arcilloso,7.6,490.0,22.0,76.0,80.0,Si,Si,36.0,130.0,Amarillo,19.0,En riesgo,0.3830797737052257
91,Limoso,6.3,260.0,31.0,53.0,70.0,No,No,54.0,190.0,Rojo,12.0,En riesgo,0.30307977370522576
92,Arenoso,7.2,450.0,26.0,66.0,115.0,No,No,73.0,280.0,Rojo,25.0,Saludable,0.3730797737052257
93,Arcilloso,7.5,500.0,23.0,75.0,65.0,Si,No,33.0,110.0,Naranja,20.0,En riesgo,0.39307977370522573
94,Limoso,6.4,310.0,30.0,59.0,80.0,No,Si,49.0,170.0,Rojo,14.0,En riesgo,0.3330797737052258
95,Arenoso,7.3,460.0,27.0,65.0,120.0,No,No,74.0,280.0,Rojo,26.0,Saludable,0.39307977370522573
96,Arcilloso,7.7,510.0,22.0,76.0,85.0,Si,No,34.0,120.0,Amarillo,21.0,En riesgo,0.39307977370522573
97,Limoso,6.5,320.0,31.0,60.0,90.0,No,Si,48.0,160.0,Rojo,15.0,En riesgo,0.3630797737052257
98,Arenoso,7.4,470.0,26.0,67.0,125.0,No,No,75.0,290.0,Rojo,27.0,Saludable,0.39307977370522573
99,Arcilloso,7.8,520.0,23.0,75.0,70.0,Si,Si,32.0,110.0,Naranja,22.0,En riesgo,0.41307977370522575
100,Limoso,6.6,340.0,30.0,58.0,85.0,No,No,55.0,200.0,Rojo,13.0,Saludable,0.3430797737052257
101,Arenoso,7.5,480.0,27.0,66.0,130.0,No,No,76.0,290.0,Rojo,28.0,Saludable,0.41307977370522575
102,Arcilloso,7.6,530.0,22.0,76.0,90.0,Si,Si,31.0,100.0,Amarillo,23.0,En riesgo,0.3830797737052257
103,Limoso,6.7,350.0,31.0,61.0,95.0,No,Si,47.0,170.0,Rojo,16.0,En riesgo,0.3830797737052257
104,Arenoso,6.9,360.0,26.0,68.0,80.0,No,No,64.0,220.0,Rojo,16.0,Saludable,0.3730797737052257
105,Arcilloso,7.3,440.0,23.0,74.0,65.0,Si,No,59.0,210.0,Amarillo,13.0,En riesgo,0.3730797737052257
106,Limoso,6.0,270.0,30.0,56.0,55.0,No,Si,43.0,160.0,Naranja,10.0,En riesgo,0.29307977370522575
107,Arenoso,6.5,370.0,27.0,67.0,70.0,No,No,70.0,240.0,Rojo,18.0,Saludable,0.3530797737052257
108,Arcilloso,7.9,500.0,21.0,78.0,50.0,Si,Si,38.0,120.0,Naranja,7.0,En riesgo,0.39307977370522573
109,Limoso,5.9,210.0,31.0,52.0,65.0,No,No,51.0,170.0,Rojo,11.0,Enfermo,0.27307977370522574
110,Arenoso,6.6,380.0,26.0,66.0,85.0,No,No,69.0,230.0,Rojo,19.0,Saludable,0.3330797737052258
111,Arcilloso,7.2,460.0,23.0,73.0,75.0,Si,No,64.0,220.0,Rojo,15.0,En riesgo,0.3630797737052257
112,Limoso,5.8,240.0,29.0,54.0,50.0,No,Si,47.0,150.0,Amarillo,12.0,Enfermo,0.2530797737052257
113,Arenoso,6.4,350.0,27.0,65.0,80.0,No,No,67.0,250.0,Rojo,20.0,Saludable,0.3330797737052258
114,Arcilloso,7.8,480.0,22.0,75.0,70.0,Si,Si,34.0,110.0,Naranja,6.0,En riesgo,0.39307977370522573
115,Limoso,6.0,220.0,30.0,53.0,60.0,No,No,53.0,180.0,Rojo,9.0,Enfermo,0.27307977370522574
116,Arenoso,6.7,390.0,25.0,67.0,90.0,No,No,66.0,230.0,Rojo,17.0,Saludable,0.3330797737052258
117,Arcilloso,7.1,420.0,24.0,72.0,70.0,Si,No,60.0,200.0,Rojo,14.0,En riesgo,0.3730797737052257
118,Limoso,5.7,260.0,28.0,57.0,45.0,No,Si,48.0,160.0,Naranja,11.0,Enfermo,0.2530797737052257
119,Arenoso,6.3,380.0,26.0,66.0,85.0,No,No,68.0,240.0,Rojo,18.0,Saludable,0.3230797737052258
120,Arcilloso,7.5,460.0,23.0,74.0,65.0,Si,No,62.0,210.0,Naranja,13.0,En riesgo,0.39307977370522573
121,Limoso,5.6,230.0,29.0,55.0,40.0,No,Si,46.0,140.0,Amarillo,10.0,Enfermo,0.2530797737052257
122,Arenoso,6.8,400.0,25.0,68.0,95.0,No,No,65.0,250.0,Rojo,19.0,Saludable,0.3430797737052257
123,Arcilloso,7.0,440.0,24.0,73.0,70.0,Si,No,61.0,210.0,Rojo,15.0,En riesgo,0.3730797737052257
124,Limoso,5.9,250.0,28.0,56.0,50.0,No,Si,49.0,170.0,Naranja,12.0,Enfermo,0.26307977370522573
125,Arenoso,6.6,370.0,26.0,67.0,90.0,No,No,68.0,240.0,Rojo,18.0,Saludable,0.3430797737052257
126,Arcilloso,7.4,450.0,23.0,75.0,70.0,Si,Si,35.0,130.0,Naranja,8.0,En riesgo,0.39307977370522573
127,Limoso,5.8,240.0,29.0,54.0,45.0,No,Si,47.0,150.0,Amarillo,11.0,Enfermo,0.2530797737052257
128,Arenoso,6.5,360.0,28.0,66.0,90.0,No,No,65.0,240.0,Rojo,17.0,Saludable,0.3630797737052257
129,Arcilloso,7.3,430.0,22.0,74.0,65.0,Si,No,60.0,200.0,Amarillo,14.0,En riesgo,0.3530797737052257
130,Limoso,5.7,250.0,28.0,56.0,50.0,No,Si,49.0,160.0,Naranja,10.0,Enfermo,0.2530797737052257
131,Arenoso,6.4,350.0,27.0,65.0,80.0,No,No,67.0,250.0,Rojo,20.0,Saludable,0.3330797737052258
132,Arcilloso,7.7,470.0,23.0,75.0,65.0,Si,Si,37.0,120.0,Naranja,6.0,En riesgo,0.40307977370522574
133,Limoso,5.9,220.0,30.0,53.0,60.0,No,No,52.0,170.0,Rojo,9.0,Enfermo,0.27307977370522574
134,Arenoso,6.3,370.0,25.0,67.0,85.0,No,No,64.0,230.0,Rojo,17.0,Saludable,0.3130797737052258
135,Arcilloso,7.2,450.0,24.0,73.0,75.0,Si,No,61.0,220.0,Rojo,15.0,En riesgo,0.3830797737052257
136,Limoso,5.6,240.0,28.0,54.0,50.0,No,Si,46.0,150.0,Amarillo,12.0,Enfermo,0.23307977370522573
137,Arenoso,6.7,380.0,26.0,66.0,90.0,No,No,68.0,240.0,Rojo,18.0,Saludable,0.3430797737052257
138,Arcilloso,7.1,420.0,23.0,72.0,70.0,Si,No,60.0,200.0,Rojo,14.0,En riesgo,0.3530797737052257
139,Limoso,5.7,260.0,28.0,57.0,45.0,No,Si,48.0,160.0,Naranja,11.0,Enfermo,0.2530797737052257
140,Arenoso,6.2,360.0,27.0,65.0,80.0,No,No,67.0,250.0,Rojo,20.0,Saludable,0.3230797737052258
141,Arcilloso,7.6,480.0,22.0,75.0,70.0,Si,Si,36.0,130.0,Naranja,7.0,En riesgo,0.3830797737052257
142,Limoso,6.1,230.0,29.0,56.0,55.0,No,Si,50.0,170.0,Rojo,10.0,En riesgo,0.28307977370522575
143,Arenoso,6.8,390.0,25.0,68.0,95.0,No,No,65.0,260.0,Rojo,19.0,Saludable,0.3430797737052257
144,Arcilloso,7.0,430.0,24.0,73.0,70.0,Si,No,62.0,210.0,Rojo,16.0,En riesgo,0.3730797737052257
145,Limoso,5.5,250.0,28.0,55.0,40.0,No,Si,45.0,140.0,Amarillo,13.0,Enfermo,0.23307977370522573
146,Arenoso,6.6,370.0,26.0,67.0,85.0,No,No,68.0,240.0,Rojo,18.0,Saludable,0.3430797737052257
147,Arcilloso,7.5,460.0,23.0,74.0,65.0,Si,No,63.0,220.0,Naranja,12.0,En riesgo,0.39307977370522573
148,Limoso,5.8,240.0,29.0,54.0,50.0,No,Si,47.0,160.0,Amarillo,9.0,Enfermo,0.2530797737052257
149,Arenoso,6.5,380.0,28.0,66.0,90.0,No,No,66.0,250.0,Rojo,17.0,Saludable,0.3630797737052257
150,Arcilloso,7.4,470.0,22.0,75.0,65.0,Si,Si,35.0,120.0,Naranja,8.0,En riesgo,0.3730797737052257
151,Limoso,5.9,220.0,30.0,53.0,60.0,No,No,52.0,170.0,Rojo,11.0,Enfermo,0.27307977370522574
152,Arenoso,6.4,360.0,27.0,65.0,80.0,No,No,67.0,240.0,Rojo,20.0,Saludable,0.3330797737052258
153,Arcilloso,7.3,430.0,22.0,74.0,65.0,Si,No,60.0,200.0,Rojo,14.0,En riesgo,0.3530797737052257
154,Limoso,5.7,250.0,28.0,56.0,50.0,No,Si,49.0,160.0,Naranja,10.0,Enfermo,0.2530797737052257
155,Arenoso,6.3,380.0,26.0,66.0,85.0,No,No,68.0,240.0,Rojo,18.0,Saludable,0.3230797737052258
156,Arcilloso,7.2,450.0,23.0,73.0,75.0,Si,No,61.0,220.0,Rojo,15.0,En riesgo,0.3630797737052257
157,Limoso,5.6,240.0,28.0,54.0,50.0,No,Si,46.0,150.0,Amarillo,12.0,Enfermo,0.23307977370522573
158,Arenoso,6.7,380.0,25.0,67.0,90.0,No,No,68.0,240.0,Rojo,17.0,Saludable,0.3330797737052258
159,Arcilloso,7.1,420.0,24.0,72.0,70.0,Si,No,60.0,200.0,Rojo,14.0,En riesgo,0.3730797737052257
160,Limoso,5.7,260.0,28.0,57.0,45.0,No,Si,48.0,160.0,Naranja,11.0,Enfermo,0.2530797737052257
161,Arenoso,6.2,360.0,27.0,65.0,80.0,No,No,67.0,250.0,Rojo,20.0,Saludable,0.3230797737052258
162,Arcilloso,7.6,480.0,22.0,75.0,70.0,Si,Si,36.0,130.0,Naranja,7.0,En riesgo,0.3830797737052257
163,Limoso,6.1,230.0,29.0,56.0,55.0,No,Si,50.0,170.0,Rojo,10.0,En riesgo,0.28307977370522575
164,Arenoso,6.8,390.0,25.0,68.0,95.0,No,No,65.0,260.0,Rojo,19.0,Saludable,0.3430797737052257
165,Arcilloso,7.0,430.0,24.0,73.0,70.0,Si,No,62.0,210.0,Rojo,16.0,En riesgo,0.3730797737052257
166,Limoso,5.5,250.0,28.0,55.0,40.0,No,Si,45.0,140.0,Amarillo,13.0,Enfermo,0.23307977370522573
167,Arenoso,6.6,370.0,26.0,67.0,85.0,No,No,68.0,240.0,Rojo,18.0,Saludable,0.3430797737052257
168,Arcilloso,7.5,460.0,23.0,74.0,65.0,Si,No,63.0,220.0,Naranja,12.0,En riesgo,0.39307977370522573
169,Limoso,5.8,240.0,29.0,54.0,50.0,No,Si,47.0,160.0,Amarillo,9.0,Enfermo,0.2530797737052257
170,Arenoso,6.5,380.0,28.0,66.0,90.0,No,No,66.0,250.0,Rojo,17.0,Saludable,0.3630797737052257
171,Arcilloso,7.4,470.0,22.0,75.0,65.0,Si,Si,35.0,120.0,Naranja,8.0,En riesgo,0.3730797737052257
172,Limoso,5.9,220.0,30.0,53.0,60.0,No,No,52.0,170.0,Rojo,11.0,Enfermo,0.27307977370522574
173,Arenoso,6.4,380.0,25.0,66.0,85.0,No,No,63.0,230.0,Rojo,17.0,Saludable,0.3130797737052258
174,Arcilloso,7.2,460.0,24.0,72.0,75.0,Si,No,60.0,220.0,Rojo,15.0,En riesgo,0.3730797737052257
175,Limoso,5.6,250.0,28.0,54.0,50.0,No,Si,45.0,150.0,Amarillo,12.0,Enfermo,0.23307977370522573
176,Arenoso,6.7,390.0,26.0,67.0,90.0,No,No,68.0,240.0,Rojo,18.0,Saludable,0.3530797737052257
177,Arcilloso,7.1,420.0,23.0,73.0,70.0,Si,No,62.0,200.0,Rojo,14.0,En riesgo,0.3630797737052257
178,Limoso,5.7,270.0,28.0,57.0,45.0,No,Si,49.0,160.0,Naranja,11.0,Enfermo,0.2530797737052257
179,Arenoso,6.2,370.0,27.0,65.0,80.0,No,No,67.0,250.0,Rojo,20.0,Saludable,0.3230797737052258
180,Arcilloso,7.6,490.0,22.0,75.0,70.0,Si,Si,37.0,130.0,Naranja,7.0,En riesgo,0.3830797737052257
181,Limoso,6.1,240.0,29.0,56.0,55.0,No,Si,51.0,170.0,Rojo,10.0,En riesgo,0.28307977370522575
182,Arenoso,6.8,400.0,25.0,68.0,95.0,No,No,66.0,260.0,Rojo,19.0,Saludable,0.3430797737052257
183,Arcilloso,7.0,440.0,24.0,73.0,70.0,Si,No,61.0,210.0,Rojo,16.0,En riesgo,0.3730797737052257
184,Limoso,5.5,260.0,28.0,55.0,40.0,No,Si,44.0,140.0,Amarillo,13.0,Enfermo,0.23307977370522573
185,Arenoso,6.6,380.0,26.0,67.0,85.0,No,No,69.0,240.0,Rojo,18.0,Saludable,0.3430797737052257
186,Arcilloso,7.5,470.0,23.0,74.0,65.0,Si,No,64.0,220.0,Naranja,12.0,En riesgo,0.39307977370522573
187,Limoso,5.8,250.0,29.0,54.0,50.0,No,Si,48.0,160.0,Amarillo,9.0,Enfermo,0.2530797737052257
188,Arenoso,6.5,390.0,28.0,66.0,90.0,No,No,65.0,250.0,Rojo,17.0,Saludable,0.3630797737052257
189,Arcilloso,7.4,480.0,22.0,75.0,65.0,Si,Si,36.0,120.0,Naranja,8.0,En riesgo,0.3730797737052257
190,Limoso,5.9,230.0,30.0,53.0,60.0,No,No,53.0,170.0,Rojo,11.0,Enfermo,0.27307977370522574
191,Arenoso,6.4,370.0,27.0,65.0,80.0,No,No,67.0,240.0,Rojo,20.0,Saludable,0.3330797737052258
192,Arcilloso,7.3,440.0,22.0,74.0,65.0,Si,No,60.0,200.0,Rojo,14.0,En riesgo,0.3530797737052257
193,Limoso,5.7,260.0,28.0,56.0,50.0,No,Si,49.0,160.0,Naranja,10.0,Enfermo,0.2530797737052257
194,Arenoso,6.3,380.0,26.0,67.0,85.0,No,No,68.0,240.0,Rojo,18.0,Saludable,0.3230797737052258
195,Arcilloso,7.2,460.0,23.0,73.0,75.0,Si,No,61.0,220.0,Rojo,15.0,En riesgo,0.3630797737052257
196,Limoso,5.6,250.0,28.0,54.0,50.0,No,Si,46.0,150.0,Amarillo,12.0,Enfermo,0.23307977370522573
197,Arenoso,6.7,390.0,26.0,67.0,90.0,No,No,68.0,240.0,Rojo,17.0,Saludable,0.3530797737052257
198,Arcilloso,7.1,420.0,24.0,72.0,70.0,Si,No,62.0,200.0,Rojo,14.0,En riesgo,0.3730797737052257
199,Limoso,5.7,270.0,28.0,57.0,45.0,No,Si,49.0,160.0,Naranja,11.0,Enfermo,0.2530797737052257
200,Arenoso,6.2,370.0,27.0,65.0,80.0,No,No,67.0,250.0,Rojo,20.0,Saludable,0.3230797737052258
201,Arcilloso,7.6,490.0,22.0,75.0,70.0,Si,Si,37.0,130.0,Naranja,7.0,En riesgo,0.3830797737052257
202,Limoso,6.1,240.0,29.0,56.0,55.0,No,Si,51.0,170.0,Rojo,10.0,En riesgo,0.28307977370522575
203,Arenoso,6.8,400.0,25.0,68.0,95.0,No,No,66.0,260.0,Rojo,19.0,Saludable,0.3430797737052257
204,Arcilloso,7.0,440.0,24.0,73.0,70.0,Si,No,61.0,210.0,Rojo,16.0,En riesgo,0.3730797737052257
205,Limoso,5.5,260.0,28.0,55.0,40.0,No,Si,44.0,140.0,Amarillo,13.0,Enfermo,0.23307977370522573
206,Arenoso,6.6,380.0,26.0,67.0,85.0,No,No,69.0,240.0,Rojo,18.0,Saludable,0.3430797737052257
207,Arcilloso,7.5,470.0,23.0,74.0,65.0,Si,No,64.0,220.0,Naranja,12.0,En riesgo,0.39307977370522573
208,Limoso,5.8,250.0,29.0,54.0,50.0,No,Si,48.0,160.0,Amarillo,9.0,Enfermo,0.2530797737052257
209,Arenoso,6.5,390.0,28.0,66.0,90.0,No,No,65.0,250.0,Rojo,17.0,Saludable,0.3630797737052257
210,Arcilloso,7.4,480.0,22.0,75.0,65.0,Si,Si,36.0,120.0,Naranja,8.0,En riesgo,0.3730797737052257
211,Limoso,5.9,230.0,30.0,53.0,60.0,No,No,53.0,170.0,Rojo,11.0,Enfermo,0.27307977370522574
212,Arenoso,6.4,380.0,25.0,66.0,85.0,No,No,63.0,230.0,Rojo,17.0,Saludable,0.3130797737052258
213,Arcilloso,7.2,460.0,24.0,72.0,75.0,Si,No,60.0,220.0,Rojo,15.0,En riesgo,0.3730797737052257
214,Limoso,5.6,250.0,28.0,54.0,50.0,No,Si,45.0,150.0,Amarillo,12.0,Enfermo,0.23307977370522573
215,Arenoso,6.7,390.0,26.0,67.0,90.0,No,No,68.0,240.0,Rojo,18.0,Saludable,0.3530797737052257
216,Arcilloso,7.1,420.0,23.0,73.0,70.0,Si,No,62.0,200.0,Rojo,14.0,En riesgo,0.3630797737052257
217,Limoso,5.7,270.0,28.0,57.0,45.0,No,Si,49.0,160.0,Naranja,11.0,Enfermo,0.2530797737052257
218,Arenoso,6.2,370.0,27.0,65.0,80.0,No,No,67.0,250.0,Rojo,20.0,Saludable,0.3230797737052258
219,Arcilloso,7.6,490.0,22.0,75.0,70.0,Si,Si,37.0,130.0,Naranja,7.0,En riesgo,0.3830797737052257
220,Limoso,6.1,240.0,29.0,56.0,55.0,No,Si,51.0,170.0,Rojo,10.0,En riesgo,0.28307977370522575
221,Arenoso,6.8,400.0,25.0,68.0,95.0,No,No,66.0,260.0,Rojo,19.0,Saludable,0.3430797737052257
222,Arcilloso,7.0,440.0,24.0,73.0,70.0,Si,No,61.0,210.0,Rojo,16.0,En riesgo,0.3730797737052257
223,Limoso,5.5,260.0,28.0,55.0,40.0,No,Si,44.0,140.0,Amarillo,13.0,Enfermo,0.23307977370522573
224,Arenoso,6.6,380.0,26.0,67.0,85.0,No,No,69.0,240.0,Rojo,18.0,Saludable,0.3430797737052257
225,Arcilloso,7.5,470.0,23.0,74.0,65.0,Si,No,64.0,220.0,Naranja,12.0,En riesgo,0.39307977370522573
226,Limoso,5.8,250.0,29.0,54.0,50.0,No,Si,48.0,160.0,Amarillo,9.0,Enfermo,0.2530797737052257
227,Arenoso,6.5,390.0,28.0,66.0,90.0,No,No,65.0,250.0,Rojo,17.0,Saludable,0.3630797737052257
228,Arcilloso,7.4,480.0,22.0,75.0,65.0,Si,Si,36.0,120.0,Naranja,8.0,En riesgo,0.3730797737052257
229,Limoso,5.9,230.0,30.0,53.0,60.0,No,No,53.0,170.0,Rojo,11.0,Enfermo,0.27307977370522574
230,Arenoso,6.4,370.0,27.0,65.0,80.0,No,No,67.0,240.0,Rojo,20.0,Saludable,0.3330797737052258
231,Arcilloso,7.3,440.0,22.0,74.0,65.0,Si,No,60.0,200.0,Rojo,14.0,En riesgo,0.3530797737052257
232,Limoso,5.7,260.0,28.0,56.0,50.0,No,Si,49.0,160.0,Naranja,10.0,Enfermo,0.2530797737052257
233,Arenoso,6.3,380.0,26.0,67.0,85.0,No,No,68.0,240.0,Rojo,18.0,Saludable,0.3230797737052258
234,Arcilloso,7.2,460.0,23.0,73.0,75.0,Si,No,61.0,220.0,Rojo,15.0,En riesgo,0.3630797737052257
235,Limoso,5.6,250.0,28.0,54.0,50.0,No,Si,46.0,150.0,Amarillo,12.0,Enfermo,0.23307977370522573
236,Arenoso,6.7,390.0,26.0,67.0,90.0,No,No,68.0,240.0,Rojo,17.0,Saludable,0.3530797737052257
237,Arcilloso,7.1,420.0,24.0,72.0,70.0,Si,No,62.0,200.0,Rojo,14.0,En riesgo,0.3730797737052257
238,Limoso,5.7,270.0,28.0,57.0,45.0,No,Si,49.0,160.0,Naranja,11.0,Enfermo,0.2530797737052257
239,Arenoso,6.2,370.0,27.0,65.0,80.0,No,No,67.0,250.0,Rojo,20.0,Saludable,0.3230797737052258
240,Arcilloso,7.6,490.0,22.0,75.0,70.0,Si,Si,37.0,130.0,Naranja,7.0,En riesgo,0.3830797737052257
241,Limoso,6.1,240.0,29.0,56.0,55.0,No,Si,51.0,170.0,Rojo,10.0,En riesgo,0.28307977370522575
242,Arenoso,6.8,400.0,25.0,68.0,95.0,No,No,66.0,260.0,Rojo,19.0,Saludable,0.3430797737052257
243,Arenoso,6.4,380.0,25.0,66.0,85.0,No,No,63.0,230.0,Rojo,17.0,Saludable,0.3130797737052258
244,Arcilloso,7.2,460.0,24.0,72.0,75.0,Si,No,60.0,220.0,Rojo,15.0,En riesgo,0.3730797737052257
245,Limoso,5.6,250.0,28.0,54.0,50.0,No,Si,45.0,150.0,Amarillo,12.0,Enfermo,0.23307977370522573
246,Arenoso,6.7,390.0,26.0,67.0,90.0,No,No,68.0,240.0,Rojo,18.0,Saludable,0.3530797737052257
247,Arcilloso,7.1,420.0,23.0,73.0,70.0,Si,No,62.0,200.0,Rojo,14.0,En riesgo,0.3630797737052257
248,Limoso,5.7,270.0,28.0,57.0,45.0,No,Si,49.0,160.0,Naranja,11.0,Enfermo,0.2530797737052257
249,Arenoso,6.2,370.0,27.0,65.0,80.0,No,No,67.0,250.0,Rojo,20.0,Saludable,0.3230797737052258
250,Arcilloso,7.6,490.0,22.0,75.0,70.0,Si,Si,37.0,130.0,Naranja,7.0,En riesgo,0.3830797737052257
251,Limoso,6.1,240.0,29.0,56.0,55.0,No,Si,51.0,170.0,Rojo,10.0,En riesgo,0.28307977370522575
252,Arenoso,6.8,400.0,25.0,68.0,95.0,No,No,66.0,260.0,Rojo,19.0,Saludable,0.3430797737052257
253,Arcilloso,7.0,440.0,24.0,73.0,70.0,Si,No,61.0,210.0,Rojo,16.0,En riesgo,0.3730797737052257
254,Limoso,5.5,260.0,28.0,55.0,40.0,No,Si,44.0,140.0,Amarillo,13.0,Enfermo,0.23307977370522573
255,Arenoso,6.6,380.0,26.0,67.0,85.0,No,No,69.0,240.0,Rojo,18.0,Saludable,0.3430797737052257
256,Arcilloso,7.5,470.0,23.0,74.0,65.0,Si,No,64.0,220.0,Naranja,12.0,En riesgo,0.39307977370522573
257,Limoso,5.8,250.0,29.0,54.0,50.0,No,Si,48.0,160.0,Amarillo,9.0,Enfermo,0.2530797737052257
258,Arenoso,6.5,390.0,28.0,66.0,90.0,No,No,65.0,250.0,Rojo,17.0,Saludable,0.3630797737052257
259,Arcilloso,7.4,480.0,22.0,75.0,65.0,Si,Si,36.0,120.0,Naranja,8.0,En riesgo,0.3730797737052257
260,Limoso,5.9,230.0,30.0,53.0,60.0,No,No,53.0,170.0,Rojo,11.0,Enfermo,0.27307977370522574
261,Arenoso,6.4,370.0,27.0,65.0,80.0,No,No,67.0,240.0,Rojo,20.0,Saludable,0.3330797737052258
262,Arcilloso,7.3,440.0,22.0,74.0,65.0,Si,No,60.0,200.0,Rojo,14.0,En riesgo,0.3530797737052257
263,Limoso,5.7,260.0,28.0,56.0,50.0,No,Si,49.0,160.0,Naranja,10.0,Enfermo,0.2530797737052257
264,Arenoso,6.3,380.0,26.0,67.0,85.0,No,No,68.0,240.0,Rojo,18.0,Saludable,0.3230797737052258
265,Arcilloso,7.2,460.0,23.0,73.0,75.0,Si,No,61.0,220.0,Rojo,15.0,En riesgo,0.3630797737052257
266,Limoso,5.6,250.0,28.0,54.0,50.0,No,Si,46.0,150.0,Amarillo,12.0,Enfermo,0.23307977370522573
267,Arenoso,6.7,390.0,26.0,67.0,90.0,No,No,68.0,240.0,Rojo,17.0,Saludable,0.3530797737052257
268,Arcilloso,7.1,420.0,24.0,72.0,70.0,Si,No,62.0,200.0,Rojo,14.0,En riesgo,0.3730797737052257
269,Limoso,5.7,270.0,28.0,57.0,45.0,No,Si,49.0,160.0,Naranja,11.0,Enfermo,0.2530797737052257
270,Arenoso,6.2,370.0,27.0,65.0,80.0,No,No,67.0,250.0,Rojo,20.0,Saludable,0.3230797737052258
271,Arcilloso,7.6,490.0,22.0,75.0,70.0,Si,Si,37.0,130.0,Naranja,7.0,En riesgo,0.3830797737052257
272,Limoso,6.1,240.0,29.0,56.0,55.0,No,Si,51.0,170.0,Rojo,10.0,En riesgo,0.28307977370522575
273,Arenoso,6.8,400.0,25.0,68.0,95.0,No,No,66.0,260.0,Rojo,19.0,Saludable,0.3430797737052257
274,Arcilloso,7.0,440.0,24.0,73.0,70.0,Si,No,61.0,210.0,Rojo,16.0,En riesgo,0.3730797737052257
275,Limoso,5.5,260.0,28.0,55.0,40.0,No,Si,44.0,140.0,Amarillo,13.0,Enfermo,0.23307977370522573
276,Arenoso,6.6,380.0,26.0,67.0,85.0,No,No,69.0,240.0,Rojo,18.0,Saludable,0.3430797737052257
277,Arcilloso,7.5,470.0,23.0,74.0,65.0,Si,No,64.0,220.0,Naranja,12.0,En riesgo,0.39307977370522573
278,Limoso,5.8,250.0,29.0,54.0,50.0,No,Si,48.0,160.0,Amarillo,9.0,Enfermo,0.2530797737052257
279,Arenoso,6.5,390.0,28.0,66.0,90.0,No,No,65.0,250.0,Rojo,17.0,Saludable,0.3630797737052257
280,Arcilloso,7.4,480.0,22.0,75.0,65.0,Si,Si,36.0,120.0,Naranja,8.0,En riesgo,0.3730797737052257
281,Limoso,5.9,230.0,30.0,53.0,60.0,No,No,53.0,170.0,Rojo,11.0,Enfermo,0.27307977370522574
282,Arenoso,6.4,370.0,27.0,65.0,80.0,No,No,67.0,240.0,Rojo,20.0,Saludable,0.3330797737052258
283,Arcilloso,7.3,440.0,22.0,74.0,65.0,Si,No,60.0,200.0,Rojo,14.0,En riesgo,0.3530797737052257
284,Limoso,5.7,260.0,28.0,56.0,50.0,No,Si,49.0,160.0,Naranja,10.0,Enfermo,0.2530797737052257
285,Arenoso,6.3,380.0,26.0,67.0,85.0,No,No,68.0,240.0,Rojo,18.0,Saludable,0.3230797737052258
286,Arcilloso,7.2,460.0,23.0,73.0,75.0,Si,No,61.0,220.0,Rojo,15.0,En riesgo,0.3630797737052257
287,Limoso,5.6,250.0,28.0,54.0,50.0,No,Si,46.0,150.0,Amarillo,12.0,Enfermo,0.23307977370522573
288,Arenoso,6.7,390.0,26.0,67.0,90.0,No,No,68.0,240.0,Rojo,17.0,Saludable,0.3530797737052257
289,Arcilloso,7.1,420.0,24.0,72.0,70.0,Si,No,62.0,200.0,Rojo,14.0,En riesgo,0.3730797737052257
290,Limoso,5.7,270.0,28.0,57.0,45.0,No,Si,49.0,160.0,Naranja,11.0,Enfermo,0.2530797737052257
291,Arenoso,6.2,370.0,27.0,65.0,80.0,No,No,67.0,250.0,Rojo,20.0,Saludable,0.3230797737052258
292,Arcilloso,7.6,490.0,22.0,75.0,70.0,Si,Si,37.0,130.0,Naranja,7.0,En riesgo,0.3830797737052257
293,Limoso,6.1,240.0,29.0,56.0,55.0,No,Si,51.0,170.0,Rojo,10.0,En riesgo,0.28307977370522575
294,Arenoso,6.8,400.0,25.0,68.0,95.0,No,No,66.0,260.0,Rojo,19.0,Saludable,0.3430797737052257
295,Arcilloso,7.0,440.0,24.0,73.0,70.0,Si,No,61.0,210.0,Rojo,16.0,En riesgo,0.3730797737052257
296,Limoso,5.5,260.0,28.0,55.0,40.0,No,Si,44.0,140.0,Amarillo,13.0,Enfermo,0.23307977370522573
297,Arenoso,6.6,380.0,26.0,67.0,85.0,No,No,69.0,240.0,Rojo,18.0,Saludable,0.3430797737052257
298,Arenoso,6.9,410.0,25.0,67.0,90.0,No,No,64.0,230.0,Rojo,17.0,Saludable,0.3430797737052257
299,Arcilloso,7.3,470.0,24.0,73.0,75.0,Si,No,61.0,220.0,Rojo,15.0,En riesgo,0.39307977370522573
300,Limoso,5.7,260.0,28.0,54.0,50.0,No,Si,46.0,150.0,Amarillo,12.0,Enfermo,0.24307977370522574
301,Arenoso,6.8,400.0,26.0,68.0,95.0,No,No,68.0,240.0,Rojo,18.0,Saludable,0.3630797737052257
302,Arcilloso,7.2,430.0,23.0,72.0,70.0,Si,No,62.0,200.0,Rojo,14.0,En riesgo,0.3630797737052257
303,Limoso,5.6,280.0,28.0,57.0,45.0,No,Si,48.0,160.0,Naranja,11.0,Enfermo,0.2530797737052257
304,Arenoso,6.5,390.0,27.0,65.0,80.0,No,No,67.0,250.0,Rojo,20.0,Saludable,0.3430797737052257
305,Arcilloso,7.6,500.0,22.0,75.0,70.0,Si,Si,38.0,130.0,Naranja,7.0,En riesgo,0.3830797737052257
306,Limoso,6.0,250.0,29.0,56.0,55.0,No,Si,52.0,170.0,Rojo,10.0,Enfermo,0.28307977370522575
307,Arenoso,6.7,410.0,25.0,67.0,90.0,No,No,67.0,260.0,Rojo,19.0,Saludable,0.3330797737052258
308,Arcilloso,7.1,450.0,24.0,73.0,70.0,Si,No,63.0,210.0,Rojo,16.0,En riesgo,0.3730797737052257
309,Limoso,5.5,270.0,28.0,55.0,40.0,No,Si,45.0,140.0,Amarillo,13.0,Enfermo,0.23307977370522573
310,Arenoso,6.6,400.0,26.0,67.0,85.0,No,No,70.0,240.0,Rojo,18.0,Saludable,0.3430797737052257
311,Arcilloso,7.5,480.0,23.0,74.0,65.0,Si,No,65.0,220.0,Naranja,12.0,En riesgo,0.39307977370522573
312,Limoso,5.9,240.0,30.0,53.0,60.0,No,No,54.0,170.0,Rojo,11.0,Enfermo,0.27307977370522574
313,Arenoso,6.4,380.0,27.0,65.0,80.0,No,No,68.0,240.0,Rojo,20.0,Saludable,0.3330797737052258
314,Arcilloso,7.4,490.0,22.0,75.0,65.0,Si,Si,37.0,120.0,Naranja,8.0,En riesgo,0.3730797737052257
315,Limoso,5.8,260.0,29.0,54.0,50.0,No,Si,49.0,160.0,Amarillo,9.0,Enfermo,0.2530797737052257
316,Arenoso,6.9,410.0,25.0,67.0,90.0,No,No,64.0,230.0,Rojo,17.0,Saludable,0.3430797737052257
317,Arcilloso,7.3,470.0,24.0,73.0,75.0,Si,No,61.0,220.0,Rojo,15.0,En riesgo,0.39307977370522573
318,Arenoso,6.6,350.0,,27.0,65.0,No,No,66.0,220.0, Rojo  ,18.0,En riesgo  ,0.3230797737052258
319,Arcilloso,7.3,430.0,,23.0,74.0,Si,No,54.0,180.0, Rojo  ,13.0,Enfermo,0.3730797737052257
320,Limoso,5.7,,30.0,54.0,50.0,Si,,159.0,160.0,Amarillo  ,,Enfermo  ,0.24307977370522574
321,Arenoso,6.9,380.0,,28.0,66.0,No,No,69.0,250.0,Rojo  ,20.0,Saludable   ,
322,Arcilloso,7.6,470.0,,22.0,76.0,Si,No,57.0,190.0,,15.0,En riesgo  ,0.39307977370522573
323,Limoso,5.8,270.0,31.0,55.0,60.0,No,,139.0,140.0,Rojo  ,10.0,Saludable   ,0.29307977370522575
324,Arenoso,6.7,370.0,,27.0,65.0,,No,68.0,230.0,Rojo  ,19.0,Saludable   ,0.3430797737052257
325,Arcilloso,7.4,,,23.0,75.0,Si,Si,36.0,110.0,Naranja  ,6.0,,
326,Limoso,5.6,250.0,29.0,53.0,55.0,Si,,169.0,,Amarillo  ,11.0,Saludable  ,0.26307977370522573
327,Arenoso,6.8,390.0,,28.0,66.0,No,No,70.0,240.0,Rojo  ,21.0,Saludable   ,0.3730797737052257
328,Arcilloso,7.5,460.0,,22.0,76.0,Si,Si,39.0,120.0,Naranja ,7.0,,0.3830797737052257
329,Limoso,5.9,,30.0,56.0,65.0,Si,,179.0,180.0,Amarillo  ,12.0,Saludable  ,
330,Arenoso,6.1,400.0,,29.0,67.0,No,No,71.0,260.0,,22.0,Saludable  ,0.3830797737052257
331,Arcilloso,7.6,480.0,,22.0,,Si,Si,41.0,130.0,Naranja  ,8.0,En riesgo ,
332,Limoso ,5.1,290.0,30.0,57.0,70.0,Si,,199.0,200.0, Amarillo  ,13.0,,0.30307977370522576
333,Arenoso,6.6,350.0,,27.0,65.0,No,No,66.0,220.0, Rojo  ,18.0,En riesgo  ,0.3230797737052258
334,Arcilloso,7.3,430.0,,23.0,74.0,Si,No,54.0,180.0, Rojo  ,13.0,Enfermo,0.3730797737052257
335,Limoso,5.7,,30.0,54.0,50.0,Si,,,160.0,Amarillo  ,,Enfermo  ,0.24307977370522574
336,Arenoso,6.9,380.0,,28.0,66.0,No,No,69.0,250.0,Rojo  ,20.0,Saludable   ,
337,Arcilloso,7.6,,,22.0,76.0,Si,No,57.0,190.0,,15.0,En riesgo  ,0.39307977370522573
338,Limoso,,270.0,31.0,55.0,60.0,No,,139.0,140.0,Rojo  ,10.0,Saludable   ,0.29307977370522575
339,Arenoso,6.7,370.0,,27.0,65.0,No,No,68.0,230.0,Rojo  ,19.0,Saludable   ,0.3430797737052257
340,Arcilloso,7.4,,,23.0,,Si,Si,36.0,110.0,Naranja  ,6.0,,
341,Limoso,5.6,250.0,29.0,53.0,55.0,Si,,169.0,170.0,Amarillo  ,11.0,Saludable  ,0.26307977370522573
342,Arenoso,6.8,390.0,,28.0,66.0,No,No,70.0,240.0,Rojo  ,21.0,Saludable   ,0.3730797737052257
343,Arcilloso,7.5,460.0,,22.0,76.0,Si,Si,39.0,120.0,Naranja ,7.0,,0.3830797737052257
344,Limoso,5.9,,30.0,56.0,65.0,Si,,179.0,180.0,Amarillo  ,12.0,Saludable  ,
345,Arenoso,6.1,400.0,,29.0,67.0,No,No,71.0,260.0,,22.0,Saludable  ,0.3830797737052257
346,Arcilloso,7.6,480.0,,22.0,77.0,Si,Si,41.0,130.0,Naranja  ,8.0,En riesgo ,
347,Limoso ,5.1,290.0,30.0,57.0,70.0,Si,,199.0,200.0, Amarillo  ,13.0,Saludable,0.30307977370522576
348,Arcilloso,7.1,430.0,23.0,73.0,70.0,Si,No,62.0,200.0,Rojo,14.0,En riesgo,0.3630797737052257
349,Limoso,5.7,290.0,28.0,57.0,45.0,No,Si,49.0,160.0,Naranja,11.0,Enfermo,0.2530797737052257
350,Arenoso,6.2,380.0,27.0,65.0,80.0,No,No,67.0,250.0,Rojo,20.0,Saludable,0.3230797737052258
351,Arcilloso,7.5,490.0,22.0,75.0,70.0,Si,Si,37.0,130.0,Naranja,7.0,En riesgo,0.3730797737052257
352,Limoso,6.1,260.0,29.0,56.0,55.0,No,Si,51.0,170.0,Rojo,10.0,En riesgo,0.28307977370522575
353,Arenoso,6.2,370.0,27.0,66.0,85.0,No,No,63.0,230.0,Rojo,17.0,Saludable,0.3230797737052258
354,Arcilloso,7.1,450.0,24.0,73.0,75.0,Si,No,60.0,220.0,Rojo,15.0,En riesgo,0.3730797737052257
355,Limoso,5.9,270.0,28.0,54.0,50.0,No,Si,45.0,150.0,Amarillo,12.0,Enfermo,0.2530797737052257
356,Arenoso,6.6,390.0,26.0,67.0,90.0,No,No,68.0,240.0,Rojo,18.0,Saludable,0.3430797737052257
357,Arcilloso,7.0,420.0,23.0,73.0,70.0,Si,No,62.0,200.0,Rojo,14.0,En riesgo,0.3530797737052257
358,Limoso,5.8,280.0,28.0,57.0,45.0,No,Si,49.0,160.0,Naranja,11.0,Enfermo,0.26307977370522573
359,Arenoso,6.4,380.0,27.0,65.0,80.0,No,No,67.0,250.0,Rojo,20.0,Saludable,0.3330797737052258
360,Arcilloso,7.5,490.0,22.0,75.0,70.0,Si,Si,37.0,130.0,Naranja,7.0,En riesgo,0.3730797737052257
361,Limoso,6.0,260.0,29.0,56.0,55.0,No,Si,51.0,170.0,Rojo,10.0,Enfermo,0.28307977370522575
362,Arenoso,6.7,400.0,25.0,68.0,95.0,No,No,66.0,260.0,Rojo,19.0,Saludable,0.3430797737052257
363,Arcilloso,7.2,460.0,24.0,73.0,70.0,Si,No,61.0,210.0,Rojo,16.0,En riesgo,0.3830797737052257
364,Limoso,5.6,290.0,28.0,55.0,40.0,No,Si,44.0,140.0,Amarillo,13.0,Enfermo,0.24307977370522574
365,Arenoso,6.5,390.0,26.0,67.0,85.0,No,No,69.0,240.0,Rojo,18.0,Saludable,0.3330797737052258
366,Arcilloso,7.4,500.0,23.0,74.0,65.0,Si,No,64.0,220.0,Naranja,12.0,En riesgo,0.3830797737052257
367,Limoso,5.7,270.0,30.0,53.0,60.0,No,No,53.0,170.0,Rojo,11.0,Enfermo,0.2530797737052257
368,Arenoso,6.3,380.0,27.0,65.0,80.0,No,No,68.0,240.0,Rojo,20.0,Saludable,0.3230797737052258
369,Arcilloso,7.6,510.0,22.0,75.0,70.0,Si,Si,38.0,130.0,Naranja,7.0,En riesgo,0.3830797737052257
370,Limoso,6.1,250.0,29.0,56.0,55.0,No,Si,52.0,170.0,Rojo,10.0,En riesgo,0.28307977370522575
371,Arenoso,6.8,410.0,25.0,67.0,90.0,No,No,64.0,230.0,Rojo,17.0,Saludable,0.3430797737052257
372,Arcilloso,7.3,470.0,24.0,73.0,75.0,Si,No,61.0,220.0,Rojo,15.0,En riesgo,0.39307977370522573
373,Limoso,5.9,230.0,30.0,54.0,50.0,No,Si,48.0,160.0,Amarillo,9.0,Enfermo,0.27307977370522574
374,Arenoso,6.4,370.0,27.0,65.0,80.0,No,No,67.0,250.0,Rojo,19.0,Saludable,0.3330797737052258
375,Arcilloso,7.7,520.0,21.0,75.0,70.0,Si,Si,39.0,130.0,Naranja,8.0,En riesgo,0.3630797737052257
376,Limoso,6.2,260.0,29.0,56.0,55.0,No,Si,52.0,170.0,Rojo,10.0,En riesgo,0.29307977370522575
377,Arenoso,6.9,420.0,25.0,67.0,90.0,No,No,64.0,230.0,Rojo,17.0,Saludable,0.3430797737052257
378,Arcilloso,7.2,480.0,24.0,73.0,75.0,Si,No,60.0,220.0,Rojo,15.0,En riesgo,0.3830797737052257
379,Limoso,5.8,280.0,28.0,54.0,50.0,No,Si,45.0,150.0,Amarillo,12.0,Enfermo,0.24307977370522574
380,Arenoso,6.1,360.0,26.0,66.0,85.0,No,No,63.0,230.0,Rojo,17.0,En riesgo,0.30307977370522576
381,Arcilloso,7.0,440.0,24.0,73.0,75.0,Si,No,60.0,220.0,Rojo,15.0,En riesgo,0.3730797737052257
382,Limoso,5.8,260.0,28.0,54.0,50.0,No,Si,45.0,150.0,Amarillo,12.0,Enfermo,0.24307977370522574
383,Arenoso,6.5,380.0,26.0,67.0,90.0,No,No,68.0,240.0,Rojo,18.0,Saludable,0.3330797737052258
384,Arcilloso,6.9,410.0,23.0,73.0,70.0,Si,No,62.0,200.0,Rojo,14.0,En riesgo,0.3430797737052257
385,Limoso,5.7,270.0,28.0,57.0,45.0,No,Si,49.0,160.0,Naranja,11.0,Enfermo,0.2530797737052257
386,Arenoso,6.3,370.0,27.0,65.0,80.0,No,No,67.0,250.0,Rojo,20.0,Saludable,0.3230797737052258
387,Arcilloso,7.6,480.0,22.0,75.0,70.0,Si,Si,37.0,130.0,Naranja,7.0,En riesgo,0.3830797737052257
388,Limoso,6.0,250.0,29.0,56.0,55.0,No,Si,51.0,170.0,Rojo,10.0,Enfermo,0.28307977370522575
389,Arenoso,6.8,400.0,25.0,68.0,95.0,No,No,66.0,260.0,Rojo,19.0,Saludable,0.3430797737052257
390,Arcilloso,7.1,450.0,24.0,73.0,70.0,Si,No,61.0,210.0,Rojo,16.0,En riesgo,0.3730797737052257
391,Limoso,5.6,280.0,28.0,55.0,40.0,No,Si,44.0,140.0,Amarillo,13.0,Enfermo,0.24307977370522574
392,Arenoso,6.4,390.0,26.0,67.0,85.0,No,No,69.0,240.0,Rojo,18.0,Saludable,0.3330797737052258
393,Arcilloso,7.5,500.0,23.0,74.0,65.0,Si,No,64.0,220.0,Naranja,12.0,En riesgo,0.39307977370522573
394,Limoso,5.5,290.0,30.0,53.0,60.0,No,No,53.0,170.0,Rojo,11.0,Enfermo,0.24307977370522574
395,Arenoso,6.2,380.0,27.0,65.0,80.0,No,No,68.0,240.0,Rojo,20.0,Saludable,0.3230797737052258
396,Arcilloso,7.7,520.0,21.0,75.0,70.0,Si,Si,39.0,130.0,Naranja,8.0,En riesgo,0.3630797737052257
397,Limoso,6.1,260.0,29.0,56.0,55.0,No,Si,52.0,170.0,Rojo,10.0,En riesgo,0.28307977370522575
398,Arenoso,6.9,410.0,25.0,67.0,90.0,No,No,64.0,230.0,Rojo,17.0,Saludable,0.3430797737052257
399,Arcilloso,7.2,470.0,24.0,73.0,75.0,Si,No,61.0,220.0,Rojo,15.0,En riesgo,0.3830797737052257
400,Limoso,5.9,230.0,30.0,54.0,50.0,No,Si,48.0,160.0,Amarillo,9.0,Enfermo,0.27307977370522574
401,Arenoso,6.6,400.0,26.0,67.0,85.0,No,No,68.0,240.0,Rojo,18.0,Saludable,0.3430797737052257
402,Arcilloso,7.3,480.0,23.0,74.0,65.0,Si,No,63.0,220.0,Rojo,14.0,En riesgo,0.3730797737052257
403,Limoso,5.8,270.0,29.0,55.0,40.0,No,Si,46.0,150.0,Amarillo,12.0,Enfermo,0.26307977370522573
404,Arenoso,6.7,410.0,25.0,68.0,95.0,No,No,65.0,250.0,Rojo,19.0,Saludable,0.3430797737052257
405,Arcilloso,7.4,510.0,22.0,75.0,70.0,Si,No,62.0,210.0,Rojo,16.0,En riesgo,0.3730797737052257
406,Limoso,5.7,280.0,28.0,57.0,45.0,No,Si,49.0,160.0,Naranja,11.0,Enfermo,0.2530797737052257
407,Arenoso,6.5,390.0,26.0,66.0,80.0,No,No,67.0,240.0,Rojo,20.0,Saludable,0.3330797737052258
408,Arcilloso,7.8,530.0,21.0,75.0,70.0,Si,Si,40.0,130.0,Naranja,7.0,En riesgo,0.3730797737052257
409,Limoso,6.2,250.0,29.0,56.0,55.0,No,Si,51.0,170.0,Rojo,10.0,En riesgo,0.29307977370522575
410,Arenoso,6.8,400.0,25.0,67.0,90.0,No,No,65.0,230.0,Rojo,17.0,Saludable,0.3430797737052257
411,Arcilloso,7.5,490.0,22.0,73.0,75.0,Si,No,60.0,220.0,Rojo,15.0,En riesgo,0.3630797737052257
412,Limoso,5.6,290.0,28.0,55.0,40.0,No,Si,45.0,150.0,Amarillo,12.0,Enfermo,0.24307977370522574
413,Arenoso,6.4,380.0,26.0,65.0,80.0,No,No,66.0,250.0,Rojo,19.0,Saludable,0.3230797737052258
414,Arcilloso,7.7,520.0,21.0,75.0,70.0,Si,Si,38.0,130.0,Naranja,8.0,En riesgo,0.3630797737052257
415,Limoso,6.0,260.0,29.0,56.0,55.0,No,Si,52.0,170.0,Rojo,10.0,Enfermo,0.28307977370522575
416,Arenoso,6.9,410.0,25.0,67.0,90.0,No,No,64.0,230.0,Rojo,17.0,Saludable,0.3430797737052257
417,Arcilloso,7.2,470.0,24.0,73.0,75.0,Si,No,61.0,220.0,Rojo,15.0,En riesgo,0.3830797737052257
418,Limoso,5.9,230.0,30.0,54.0,50.0,No,Si,48.0,160.0,Amarillo,9.0,Enfermo,0.27307977370522574
419,Arenoso,6.3,370.0,26.0,67.0,85.0,No,No,63.0,230.0,Rojo,17.0,Saludable,0.3230797737052258
420,Arcilloso,7.2,440.0,24.0,73.0,75.0,Si,No,60.0,220.0,Rojo,15.0,En riesgo,0.3830797737052257
421,Limoso,6.0,260.0,28.0,54.0,50.0,No,Si,45.0,150.0,Amarillo,12.0,Enfermo,0.2530797737052257
422,Arenoso,6.6,390.0,26.0,67.0,90.0,No,No,68.0,240.0,Rojo,18.0,Saludable,0.3430797737052257
423,Arcilloso,7.1,420.0,23.0,73.0,70.0,Si,No,62.0,200.0,Rojo,14.0,En riesgo,0.3630797737052257
424,Limoso,5.9,270.0,28.0,57.0,45.0,No,Si,49.0,160.0,Naranja,11.0,Enfermo,0.27307977370522574
425,Arenoso,6.5,380.0,27.0,65.0,80.0,No,No,67.0,250.0,Rojo,20.0,Saludable,0.3430797737052257
426,Arcilloso,7.0,450.0,22.0,75.0,70.0,Si,No,61.0,210.0,Rojo,16.0,En riesgo,0.3430797737052257
427,Limoso,5.8,280.0,28.0,54.0,50.0,No,Si,46.0,160.0,Amarillo,13.0,Enfermo,0.24307977370522574
428,Arenoso,6.4,390.0,26.0,67.0,85.0,No,No,69.0,240.0,Rojo,18.0,Saludable,0.3330797737052258
429,Arcilloso,7.5,500.0,23.0,74.0,65.0,Si,No,64.0,220.0,Naranja,12.0,En riesgo,0.39307977370522573
430,Limoso,5.7,270.0,29.0,53.0,60.0,No,No,53.0,170.0,Rojo,11.0,Enfermo,0.24307977370522574
431,Arenoso,6.2,380.0,27.0,65.0,80.0,No,No,68.0,240.0,Rojo,20.0,Saludable,0.3230797737052258
432,Arcilloso,7.6,510.0,22.0,75.0,70.0,Si,Si,39.0,130.0,Naranja,7.0,En riesgo,0.3830797737052257
433,Limoso,6.1,250.0,29.0,56.0,55.0,No,Si,52.0,170.0,Rojo,10.0,En riesgo,0.28307977370522575
434,Arenoso,6.7,400.0,25.0,68.0,95.0,No,No,65.0,250.0,Rojo,19.0,Saludable,0.3430797737052257
435,Arcilloso,7.3,460.0,24.0,73.0,75.0,Si,No,61.0,220.0,Rojo,15.0,En riesgo,0.39307977370522573
436,Limoso,5.6,290.0,28.0,55.0,40.0,No,Si,44.0,140.0,Amarillo,12.0,Enfermo,0.24307977370522574
437,Arenoso,6.3,370.0,26.0,67.0,85.0,No,No,63.0,230.0,Rojo,17.0,Saludable,0.3230797737052258
438,Arcilloso,7.2,440.0,24.0,73.0,75.0,Si,No,60.0,220.0,Rojo,15.0,En riesgo,0.3830797737052257
439,Limoso,6.0,260.0,28.0,54.0,50.0,No,Si,45.0,150.0,Amarillo,12.0,Enfermo,0.2530797737052257
440,Arenoso,6.6,390.0,26.0,67.0,90.0,No,No,68.0,240.0,Rojo,18.0,Saludable,0.3430797737052257
441,Arcilloso,7.1,420.0,23.0,73.0,70.0,Si,No,62.0,200.0,Rojo,14.0,En riesgo,0.3630797737052257
442,Limoso,5.9,270.0,28.0,57.0,45.0,No,Si,49.0,160.0,Naranja,11.0,Enfermo,0.27307977370522574
443,Arenoso,6.5,380.0,27.0,65.0,80.0,No,No,67.0,250.0,Rojo,20.0,Saludable,0.3430797737052257
444,Arcilloso,7.0,450.0,22.0,75.0,70.0,Si,No,61.0,210.0,Rojo,16.0,En riesgo,0.3430797737052257
445,Limoso,5.8,280.0,28.0,54.0,50.0,No,Si,46.0,160.0,Amarillo,13.0,Enfermo,0.24307977370522574
446,Arenoso,6.6,350.0,,27.0,65.0,No,No,66.0,220.0, Rojo  ,18.0,En riesgo  ,0.3230797737052258
447,Arcilloso,7.3,430.0,,23.0,74.0,Si,No,54.0,180.0, Rojo  ,13.0,Enfermo,0.3730797737052257
448,Limoso,5.7,,30.0,54.0,50.0,Si,,159.0,160.0,Amarillo  ,,Enfermo  ,0.24307977370522574
449,Arenoso,6.9,380.0,,28.0,66.0,No,No,69.0,250.0,Rojo  ,20.0,Saludable   ,
450,Arcilloso,7.6,470.0,,22.0,76.0,Si,No,57.0,190.0,,15.0,En riesgo  ,0.39307977370522573
451,Limoso,5.8,270.0,31.0,55.0,60.0,No,,139.0,140.0,Rojo  ,10.0,Saludable   ,0.29307977370522575
452,Arenoso,6.7,370.0,,27.0,65.0,No,No,68.0,230.0,Rojo  ,19.0,Saludable   ,0.3430797737052257
453,Arcilloso,7.4,,,23.0,75.0,Si,Si,36.0,110.0,Naranja  ,6.0,,
454,Limoso,6.0,260.0,28.0,54.0,50.0,No,Si,45.0,150.0,Amarillo,12.0,Enfermo,0.2530797737052257
455,Arenoso,6.5,360.0,27.0,68.0,86.0,No,No,64.0,235.0,Rojo,18.0,Saludable,0.3630797737052257
456,Arcilloso,7.3,450.0,25.0,74.0,76.0,Si,No,63.0,225.0,Rojo,16.0,En riesgo,0.41307977370522575
457,Limoso,6.1,270.0,29.0,55.0,51.0,No,Si,46.0,155.0,Amarillo,13.0,Enfermo,0.28307977370522575
458,Arenoso,6.7,380.0,27.0,68.0,91.0,No,No,69.0,245.0,Rojo,19.0,Saludable,0.3730797737052257
459,Arcilloso,7.2,430.0,24.0,74.0,71.0,Si,No,63.0,205.0,Rojo,15.0,En riesgo,0.39307977370522573
460,Limoso,6.0,280.0,29.0,58.0,46.0,No,Si,50.0,165.0,Naranja,12.0,En riesgo,0.29307977370522575
461,Arenoso,6.6,370.0,28.0,66.0,82.0,No,No,66.0,255.0,Rojo,20.0,Saludable,0.3730797737052257
462,Arcilloso,7.1,460.0,23.0,76.0,72.0,Si,No,64.0,215.0,Rojo,14.0,En riesgo,0.3730797737052257
463,Limoso,5.9,290.0,29.0,56.0,51.0,No,Si,47.0,165.0,Amarillo,10.0,Enfermo,0.27307977370522574
464,Arenoso,6.8,390.0,26.0,69.0,92.0,No,No,70.0,260.0,Rojo,21.0,Saludable,0.3730797737052257
465,Arcilloso,7.0,470.0,22.0,77.0,73.0,Si,No,65.0,220.0,Rojo,17.0,En riesgo,0.3530797737052257
466,Limoso,5.8,300.0,30.0,54.0,52.0,No,Si,45.0,160.0,Naranja,11.0,Enfermo,0.27307977370522574
467,Arenoso,6.4,380.0,27.0,67.0,86.0,No,No,68.0,250.0,Rojo,19.0,Saludable,0.3430797737052257
468,Arcilloso,7.4,480.0,23.0,75.0,66.0,Si,No,62.0,230.0,Rojo,15.0,En riesgo,0.39307977370522573
469,Limoso,5.7,310.0,28.0,53.0,50.0,No,Si,48.0,170.0,Amarillo,12.0,Enfermo,0.23307977370522573
470,Arenoso,6.3,370.0,28.0,68.0,85.0,No,No,66.0,240.0,Rojo,18.0,Saludable,0.3630797737052257
471,Arcilloso,7.5,490.0,22.0,76.0,67.0,Si,No,61.0,225.0,Rojo,16.0,En riesgo,0.3830797737052257
472,Limoso,5.6,320.0,29.0,52.0,53.0,No,Si,46.0,165.0,Naranja,10.0,Enfermo,0.23307977370522573
473,Arenoso,6.9,400.0,26.0,70.0,93.0,No,No,72.0,265.0,Rojo,22.0,Saludable,0.3830797737052257
474,Arcilloso,6.9,480.0,23.0,74.0,74.0,Si,No,63.0,210.0,Rojo,14.0,En riesgo,0.3530797737052257
475,Limoso,5.5,330.0,29.0,51.0,54.0,No,Si,44.0,170.0,Amarillo,11.0,Enfermo,0.22307977370522572
476,Arenoso,6.2,360.0,28.0,69.0,84.0,No,No,67.0,245.0,Rojo,19.0,Saludable,0.3630797737052257
477,Arcilloso,7.6,500.0,22.0,77.0,68.0,Si,No,60.0,230.0,Rojo,17.0,En riesgo,0.39307977370522573
478,Limoso,5.4,340.0,29.0,50.0,55.0,No,Si,43.0,175.0,Naranja,9.0,Enfermo,0.21307977370522577
479,Arenoso,6.7,410.0,25.0,71.0,94.0,No,No,73.0,270.0,Rojo,23.0,Saludable,0.3530797737052257
480,Arcilloso,6.8,490.0,22.0,75.0,75.0,Si,No,64.0,215.0,Rojo,15.0,En riesgo,0.3330797737052258
481,Limoso,5.3,350.0,30.0,49.0,56.0,No,Si,42.0,180.0,Amarillo,10.0,Enfermo,0.21307977370522577
482,Arenoso,6.1,380.0,28.0,70.0,85.0,No,No,68.0,250.0,Rojo,20.0,Saludable,0.3630797737052257
483,Arenoso,6.8,390.0,,28.0,66.0,No,No,70.0,240.0,Rojo  ,21.0,Saludable   ,0.3730797737052257
484,Arcilloso,7.5,460.0,,22.0,76.0,Si,Si,39.0,120.0,Naranja ,7.0,,0.3830797737052257
485,Limoso,5.9,,30.0,56.0,65.0,Si,,179.0,180.0,Amarillo  ,12.0,Saludable  ,
486,Arenoso,6.1,400.0,,29.0,67.0,No,No,71.0,260.0,,22.0,Saludable  ,0.3830797737052257
487,Arcilloso,7.6,480.0,,22.0,77.0,Si,Si,41.0,130.0,Naranja  ,8.0,En riesgo ,
488,Limoso ,5.1,290.0,30.0,57.0,70.0,Si,,199.0,200.0, Amarillo  ,13.0,Saludable,0.30307977370522576
489,Arenoso,6.6,350.0,,27.0,65.0,No,No,66.0,220.0, Rojo  ,18.0,En riesgo  ,0.3230797737052258
490,Arcilloso,7.3,430.0,,23.0,74.0,Si,No,54.0,180.0, Rojo  ,13.0,Enfermo,0.3730797737052257
491,Limoso,5.7,,30.0,54.0,50.0,Si,,159.0,160.0,Amarillo  ,,Enfermo  ,0.24307977370522574
492,Arenoso,6.9,380.0,,28.0,66.0,No,No,69.0,250.0,Rojo  ,20.0,Saludable   ,
493,Arenoso,6.4,380.0,26.0,67.0,86.0,No,No,63.0,240.0,Rojo,18.0,Saludable,0.3330797737052258
494,Arcilloso,7.2,450.0,24.0,74.0,76.0,Si,No,62.0,230.0,Rojo,16.0,En riesgo,0.39307977370522573
495,Limoso,6.0,270.0,29.0,55.0,52.0,No,Si,47.0,160.0,Amarillo,13.0,Enfermo,0.27307977370522574
496,Arenoso,6.7,390.0,27.0,68.0,91.0,No,No,69.0,250.0,Rojo,19.0,Saludable,0.3730797737052257
497,Arcilloso,7.1,440.0,23.0,74.0,72.0,Si,No,64.0,210.0,Rojo,15.0,En riesgo,0.3630797737052257
498,Limoso,5.9,280.0,29.0,56.0,47.0,No,Si,52.0,170.0,Naranja,12.0,Enfermo,0.27307977370522574
499,Arenoso,6.6,370.0,28.0,66.0,83.0,No,No,67.0,260.0,Rojo,20.0,Saludable,0.3730797737052257
500,Arcilloso,7.0,460.0,22.0,76.0,73.0,Si,No,63.0,220.0,Rojo,14.0,En riesgo,0.3530797737052257
501,Limoso,5.8,290.0,29.0,54.0,52.0,No,Si,48.0,170.0,Amarillo,10.0,Enfermo,0.2530797737052257
502,Arenoso,6.8,400.0,26.0,69.0,93.0,No,No,71.0,270.0,Rojo,21.0,Saludable,0.3730797737052257
503,Arcilloso,6.9,470.0,23.0,75.0,74.0,Si,No,65.0,230.0,Rojo,17.0,En riesgo,0.3630797737052257
504,Limoso,5.7,300.0,30.0,53.0,51.0,No,Si,49.0,180.0,Amarillo,12.0,Enfermo,0.2530797737052257
505,Arenoso,6.5,380.0,27.0,67.0,86.0,No,No,64.0,240.0,Rojo,18.0,Saludable,0.3530797737052257
506,Arcilloso,7.3,460.0,24.0,75.0,66.0,Si,No,62.0,240.0,Rojo,16.0,En riesgo,0.40307977370522574
507,Limoso,5.6,310.0,28.0,52.0,53.0,No,Si,45.0,175.0,Naranja,11.0,Enfermo,0.22307977370522572
508,Arenoso,6.3,370.0,28.0,68.0,85.0,No,No,66.0,240.0,Rojo,19.0,Saludable,0.3630797737052257
509,Arcilloso,7.4,480.0,23.0,75.0,67.0,Si,No,64.0,220.0,Rojo,15.0,En riesgo,0.39307977370522573
510,Limoso,5.5,320.0,29.0,51.0,54.0,No,Si,44.0,180.0,Amarillo,11.0,Enfermo,0.22307977370522572
511,Arenoso,6.9,410.0,25.0,71.0,94.0,No,No,73.0,280.0,Rojo,22.0,Saludable,0.3730797737052257
512,Arcilloso,6.8,490.0,22.0,75.0,75.0,Si,No,66.0,240.0,Rojo,18.0,En riesgo,0.3330797737052258
513,Limoso,5.4,330.0,29.0,50.0,55.0,No,Si,43.0,185.0,Naranja,9.0,Enfermo,0.21307977370522577
514,Arenoso,6.2,360.0,28.0,69.0,84.0,No,No,68.0,250.0,Rojo,20.0,Saludable,0.3630797737052257
515,Arcilloso,7.5,500.0,22.0,76.0,68.0,Si,No,61.0,230.0,Rojo,16.0,En riesgo,0.3830797737052257
516,Limoso,5.3,340.0,30.0,49.0,56.0,No,Si,42.0,190.0,Amarillo,10.0,Enfermo,0.21307977370522577
517,Arenoso,6.7,420.0,26.0,72.0,95.0,No,No,74.0,285.0,Rojo,23.0,Saludable,0.3830797737052257
518,Arcilloso,6.6,510.0,22.0,76.0,76.0,Si,No,65.0,230.0,Rojo,17.0,En riesgo,0.3230797737052258
519,Limoso,5.2,350.0,30.0,48.0,57.0,No,Si,41.0,195.0,Naranja,8.0,Enfermo,0.20307977370522576
520,Arenoso,6.1,390.0,28.0,70.0,85.0,No,No,68.0,250.0,Rojo,20.0,Saludable,0.3630797737052257
521,Arcilloso,7.6,520.0,21.0,78.0,70.0,Si,No,60.0,240.0,Rojo,18.0,En riesgo,0.3730797737052257
522,Limoso,5.1,360.0,30.0,47.0,58.0,No,Si,40.0,200.0,Amarillo,8.0,Enfermo,0.19307977370522575
523,Arenoso,6.5,400.0,27.0,73.0,86.0,No,No,67.0,260.0,Rojo,21.0,Saludable,0.39307977370522573
524,Arcilloso,6.9,520.0,22.0,77.0,75.0,Si,No,66.0,230.0,Rojo,15.0,En riesgo,0.3530797737052257
525,Limoso,5.0,370.0,30.0,46.0,59.0,No,Si,39.0,205.0,Naranja,7.0,Enfermo,0.18307977370522574
526,Arenoso,6.4,380.0,26.0,67.0,86.0,No,No,63.0,240.0,Rojo,18.0,Saludable,0.3330797737052258
527,Arcilloso,7.2,450.0,24.0,74.0,76.0,Si,No,62.0,230.0,Rojo,16.0,En riesgo,0.39307977370522573
528,Limoso,6.0,270.0,29.0,55.0,52.0,No,Si,47.0,160.0,Amarillo,13.0,Enfermo,0.27307977370522574
529,Arenoso,6.7,390.0,27.0,68.0,91.0,No,No,69.0,250.0,Rojo,19.0,Saludable,0.3730797737052257
530,Arcilloso,7.1,440.0,23.0,74.0,72.0,Si,No,64.0,210.0,Rojo,15.0,En riesgo,0.3630797737052257
531,Limoso,5.9,280.0,29.0,56.0,47.0,No,Si,52.0,170.0,Naranja,12.0,Enfermo,0.27307977370522574
532,Arenoso,6.6,370.0,28.0,66.0,83.0,No,No,67.0,260.0,Rojo,20.0,Saludable,0.3730797737052257
533,Arcilloso,7.0,460.0,22.0,76.0,73.0,Si,No,63.0,220.0,Rojo,14.0,En riesgo,0.3530797737052257
534,Limoso,5.8,290.0,29.0,54.0,52.0,No,Si,48.0,170.0,Amarillo,10.0,Enfermo,0.2530797737052257
535,Arenoso,6.8,400.0,26.0,69.0,93.0,No,No,71.0,270.0,Rojo,21.0,Saludable,0.3730797737052257
536,Arcilloso,6.9,470.0,23.0,75.0,74.0,Si,No,65.0,230.0,Rojo,17.0,En riesgo,0.3630797737052257
537,Limoso,5.7,300.0,30.0,53.0,51.0,No,Si,49.0,180.0,Amarillo,12.0,Enfermo,0.2530797737052257
538,Arenoso,6.5,380.0,27.0,67.0,86.0,No,No,64.0,240.0,Rojo,18.0,Saludable,0.3530797737052257
539,Arcilloso,7.3,460.0,24.0,75.0,66.0,Si,No,62.0,240.0,Rojo,16.0,En riesgo,0.40307977370522574
540,Limoso,5.6,310.0,28.0,52.0,53.0,No,Si,45.0,175.0,Naranja,11.0,Enfermo,0.22307977370522572
541,Arenoso,6.3,370.0,28.0,68.0,85.0,No,No,66.0,240.0,Rojo,19.0,Saludable,0.3630797737052257
542,Arcilloso,7.3,430.0,,23.0,74.0,Si,No,54.0,180.0, Rojo  ,13.0,Enfermo,0.3730797737052257
543,Limoso,5.7,,30.0,54.0,50.0,Si,,159.0,160.0,Amarillo  ,,Enfermo  ,0.24307977370522574
544,Arenoso,6.9,380.0,,28.0,66.0,No,No,69.0,250.0,Rojo  ,20.0,Saludable   ,
545,Arcilloso,7.6,,,22.0,76.0,Si,No,57.0,190.0,,15.0,En riesgo  ,0.39307977370522573
546,Limoso,5.8,270.0,31.0,55.0,60.0,No,,139.0,140.0,Rojo  ,10.0,Saludable   ,0.29307977370522575
547,Arenoso,6.8,390.0,,28.0,66.0,No,No,70.0,240.0,Rojo  ,21.0,Saludable   ,0.3730797737052257
548,Arcilloso,7.5,460.0,,22.0,76.0,Si,Si,39.0,120.0,Naranja ,7.0,,0.3830797737052257
549,Limoso,5.9,,30.0,56.0,65.0,Si,,179.0,180.0,Amarillo  ,12.0,Saludable  ,
550,Arenoso,6.1,400.0,,29.0,67.0,No,No,71.0,260.0,,22.0,Saludable  ,0.3830797737052257
551,Arcilloso,7.6,480.0,,22.0,77.0,Si,Si,41.0,130.0,Naranja  ,8.0,En riesgo ,
552,Limoso ,5.1,290.0,30.0,57.0,70.0,Si,,199.0,200.0, Amarillo  ,13.0,Saludable,0.30307977370522576
553,Arenoso,6.6,350.0,,27.0,65.0,No,No,66.0,220.0, Rojo  ,18.0,En riesgo  ,0.3230797737052258
554,Arcilloso,7.3,430.0,,23.0,74.0,Si,No,54.0,180.0, Rojo  ,13.0,Enfermo,0.3730797737052257
555,Limoso,5.7,,30.0,54.0,50.0,Si,,159.0,160.0,Amarillo  ,,Enfermo  ,0.24307977370522574
556,Arenoso,6.8,390.0,,28.0,66.0,No,No,70.0,240.0,Rojo  ,21.0,Saludable   ,0.3730797737052257
557,Arcilloso,7.5,460.0,,22.0,76.0,Si,Si,39.0,120.0,Naranja ,7.0,,0.3830797737052257
558,Limoso,5.9,,30.0,56.0,65.0,Si,,179.0,180.0,Amarillo  ,12.0,Saludable  ,
559,Arenoso,6.1,400.0,,29.0,67.0,No,No,71.0,260.0,,22.0,Saludable  ,0.3830797737052257
560,Arcilloso,7.6,480.0,,22.0,77.0,Si,Si,41.0,130.0,Naranja  ,8.0,En riesgo ,
561,Limoso ,5.1,290.0,30.0,57.0,70.0,Si,,199.0,200.0, Amarillo  ,13.0,Saludable,0.30307977370522576
562,Arenoso,6.6,350.0,,27.0,65.0,No,No,66.0,220.0, Rojo  ,18.0,En riesgo  ,0.3230797737052258
563,Arenoso,6.8,390.0,,28.0,66.0,No,No,70.0,240.0,Rojo  ,21.0,Saludable   ,0.3730797737052257
564,Arcilloso,7.5,460.0,,22.0,76.0,Si,Si,39.0,120.0,Naranja ,7.0,,0.3830797737052257
565,Limoso,5.9,,30.0,56.0,65.0,Si,,179.0,180.0,Amarillo  ,12.0,Saludable  ,
566,Arenoso,6.1,400.0,,29.0,67.0,No,No,71.0,260.0,,22.0,Saludable  ,0.3830797737052257
567,Arcilloso,7.6,480.0,,22.0,77.0,Si,Si,41.0,130.0,Naranja  ,8.0,En riesgo ,
568,Limoso ,5.1,290.0,30.0,57.0,70.0,Si,,199.0,200.0, Amarillo  ,13.0,Saludable,0.30307977370522576
569,Arenoso,6.6,350.0,,27.0,65.0,No,No,66.0,220.0, Rojo  ,18.0,En riesgo  ,0.3230797737052258
570,Arcilloso,7.3,430.0,,23.0,74.0,Si,No,54.0,180.0, Rojo  ,13.0,Enfermo,0.3730797737052257
571,Limoso,5.7,,30.0,54.0,50.0,Si,,159.0,160.0,Amarillo  ,,Enfermo  ,0.24307977370522574
572,Arenoso,6.8,390.0,,28.0,66.0,No,No,70.0,240.0,Rojo  ,21.0,Saludable   ,0.3730797737052257
573,Arcilloso,7.5,460.0,,22.0,76.0,Si,Si,39.0,120.0,Naranja ,7.0,,0.3830797737052257
574,Arenoso,6.5,390.0,27.0,68.0,91.0,No,No,69.0,250.0,Rojo,19.0,Saludable,0.3630797737052257
575,Arcilloso,7.0,450.0,23.0,74.0,72.0,Si,No,64.0,210.0,Rojo,15.0,En riesgo,0.3630797737052257
576,Limoso,6.1,300.0,30.0,53.0,51.0,No,Si,49.0,180.0,Amarillo,10.0,Enfermo,0.28307977370522575
577,Arenoso,6.9,400.0,26.0,69.0,93.0,No,No,71.0,270.0,Rojo,21.0,Saludable,0.3730797737052257
578,Arcilloso,6.7,470.0,22.0,76.0,73.0,Si,No,65.0,230.0,Rojo,17.0,En riesgo,0.3330797737052258
579,Limoso,5.5,320.0,29.0,51.0,54.0,No,Si,44.0,180.0,Amarillo,11.0,Enfermo,0.22307977370522572
580,Arenoso,6.6,380.0,27.0,68.0,87.0,No,No,63.0,240.0,Rojo,18.0,Saludable,0.3630797737052257
581,Arcilloso,7.3,460.0,24.0,74.0,76.0,Si,No,62.0,230.0,Rojo,16.0,En riesgo,0.39307977370522573
582,Limoso,5.8,280.0,29.0,56.0,47.0,No,Si,52.0,170.0,Naranja,12.0,Enfermo,0.27307977370522574
583,Arenoso,6.5,400.0,27.0,68.0,91.0,No,No,69.0,250.0,Rojo,19.0,Saludable,0.3630797737052257
584,Arcilloso,7.0,450.0,23.0,74.0,72.0,Si,No,64.0,210.0,Rojo,15.0,En riesgo,0.3630797737052257
585,Limoso,6.0,290.0,29.0,56.0,47.0,No,Si,52.0,170.0,Naranja,12.0,Enfermo,0.28307977370522575
586,Arenoso,6.7,380.0,28.0,66.0,83.0,No,No,67.0,260.0,Rojo,20.0,Saludable,0.3730797737052257
587,Arcilloso,6.9,470.0,22.0,76.0,73.0,Si,No,63.0,220.0,Rojo,14.0,En riesgo,0.3430797737052257
588,Limoso,5.7,300.0,30.0,53.0,51.0,No,Si,49.0,180.0,Amarillo,10.0,Enfermo,0.2530797737052257
589,Arenoso,6.8,410.0,26.0,69.0,93.0,No,No,71.0,270.0,Rojo,21.0,Saludable,0.3730797737052257
590,Arcilloso,6.8,460.0,23.0,75.0,74.0,Si,No,65.0,230.0,Rojo,17.0,En riesgo,0.3530797737052257
591,Limoso,5.6,310.0,28.0,52.0,53.0,No,Si,45.0,175.0,Naranja,11.0,Enfermo,0.22307977370522572
592,Arenoso,6.4,380.0,26.0,67.0,86.0,No,No,64.0,240.0,Rojo,18.0,Saludable,0.3330797737052258
593,Arcilloso,7.2,450.0,24.0,74.0,76.0,Si,No,62.0,230.0,Rojo,16.0,En riesgo,0.39307977370522573
594,Limoso,5.9,280.0,29.0,56.0,47.0,No,Si,52.0,170.0,Naranja,12.0,Enfermo,0.27307977370522574
595,Arenoso,6.5,390.0,27.0,68.0,91.0,No,No,69.0,250.0,Rojo,19.0,Saludable,0.3630797737052257
596,Arcilloso,7.0,450.0,23.0,74.0,72.0,Si,No,64.0,210.0,Rojo,15.0,En riesgo,0.3630797737052257
597,Limoso,6.1,300.0,30.0,53.0,51.0,No,Si,49.0,180.0,Amarillo,10.0,Enfermo,0.28307977370522575
598,Arenoso,6.9,400.0,26.0,69.0,93.0,No,No,71.0,270.0,Rojo,21.0,Saludable,0.3730797737052257
599,Arcilloso,6.7,470.0,22.0,76.0,73.0,Si,No,65.0,230.0,Rojo,17.0,En riesgo,0.3330797737052258
600,Limoso,5.5,320.0,29.0,51.0,54.0,No,Si,44.0,180.0,Amarillo,11.0,Enfermo,0.22307977370522572
601,Arenoso,6.6,380.0,27.0,68.0,87.0,No,No,63.0,240.0,Rojo,18.0,Saludable,0.3630797737052257
602,Arcilloso,7.3,460.0,24.0,74.0,76.0,Si,No,62.0,230.0,Rojo,16.0,En riesgo,0.39307977370522573
603,Limoso,5.8,280.0,29.0,56.0,47.0,No,Si,52.0,170.0,Naranja,12.0,Enfermo,0.27307977370522574
604,Arenoso,6.5,400.0,27.0,68.0,91.0,No,No,69.0,250.0,Rojo,19.0,Saludable,0.3630797737052257
605,Arcilloso,7.0,450.0,23.0,74.0,72.0,Si,No,64.0,210.0,Rojo,15.0,En riesgo,0.3630797737052257
606,Limoso,6.0,290.0,29.0,56.0,47.0,No,Si,52.0,170.0,Naranja,12.0,Enfermo,0.28307977370522575
607,Arcilloso,7.6,460.0,22.0,76.0,73.0,Si,No,63.0,220.0,Rojo,14.0,En riesgo,0.3830797737052257
608,Limoso,5.5,320.0,28.0,51.0,54.0,No,Si,44.0,180.0,Amarillo,10.0,Enfermo,0.21307977370522577
609,Arenoso,6.8,390.0,27.0,68.0,87.0,No,No,66.0,240.0,Rojo,18.0,Saludable,0.3830797737052257
610,Arcilloso,7.3,460.0,24.0,74.0,76.0,Si,No,62.0,230.0,Rojo,16.0,En riesgo,0.39307977370522573
611,Limoso,5.8,280.0,29.0,56.0,47.0,No,Si,52.0,170.0,Naranja,12.0,Enfermo,0.27307977370522574
612,Arenoso,6.7,400.0,27.0,68.0,91.0,No,No,69.0,250.0,Rojo,19.0,Saludable,0.3730797737052257
613,Arcilloso,7.0,450.0,23.0,74.0,72.0,Si,No,64.0,210.0,Rojo,15.0,En riesgo,0.3630797737052257
614,Limoso,6.0,290.0,29.0,56.0,47.0,No,Si,52.0,170.0,Naranja,12.0,Enfermo,0.28307977370522575
615,Arenoso,6.6,380.0,27.0,68.0,87.0,No,No,63.0,240.0,Rojo,18.0,Saludable,0.3630797737052257
616,Arcilloso,7.4,450.0,24.0,74.0,76.0,Si,No,62.0,230.0,Rojo,16.0,En riesgo,0.40307977370522574
617,Limoso,5.7,290.0,29.0,56.0,47.0,No,Si,47.0,160.0,Amarillo,13.0,Enfermo,0.26307977370522573
618,Arenoso,6.6,400.0,27.0,68.0,91.0,No,No,69.0,250.0,Rojo,19.0,Saludable,0.3630797737052257
619,Arcilloso,7.1,450.0,23.0,74.0,72.0,Si,No,64.0,210.0,Rojo,15.0,En riesgo,0.3630797737052257
620,Limoso,6.1,300.0,30.0,53.0,51.0,No,Si,52.0,170.0,Naranja,12.0,Enfermo,0.28307977370522575
621,Arenoso,6.8,380.0,28.0,66.0,83.0,No,No,67.0,260.0,Rojo,20.0,Saludable,0.3830797737052257
622,Limoso,5.9,,30.0,56.0,65.0,Si,,179.0,180.0,Amarillo  ,12.0,Saludable  ,
623,Arenoso,6.1,400.0,,29.0,67.0,No,No,71.0,260.0,,22.0,Saludable  ,0.3830797737052257
624,Arcilloso,7.6,480.0,,22.0,77.0,Si,Si,41.0,130.0,Naranja  ,8.0,En riesgo ,
625,Limoso ,5.1,290.0,30.0,57.0,70.0,Si,,199.0,200.0, Amarillo  ,13.0,Saludable,0.30307977370522576
626,Arenoso,6.6,350.0,,27.0,65.0,No,No,66.0,220.0, Rojo  ,18.0,En riesgo  ,0.3230797737052258
627,Arcilloso,7.3,430.0,,23.0,74.0,Si,No,54.0,180.0, Rojo  ,13.0,Enfermo,0.3730797737052257
628,Limoso,5.7,,30.0,54.0,50.0,Si,,159.0,160.0,Amarillo  ,,Enfermo  ,0.24307977370522574
629,Arenoso,6.8,390.0,,28.0,66.0,No,No,70.0,240.0,Rojo  ,21.0,Saludable   ,0.3730797737052257
630,Arcilloso,7.5,460.0,,22.0,76.0,Si,Si,39.0,120.0,Naranja ,7.0,,0.3830797737052257
631,Limoso,5.9,,30.0,56.0,65.0,Si,,179.0,180.0,Amarillo  ,12.0,Saludable  ,
632,Arenoso,6.1,400.0,,29.0,67.0,No,No,71.0,260.0,,22.0,Saludable  ,0.3830797737052257
633,Arcilloso,7.6,480.0,,22.0,77.0,Si,Si,41.0,130.0,Naranja  ,8.0,En riesgo ,
634,Limoso ,5.1,290.0,30.0,57.0,70.0,Si,,199.0,200.0, Amarillo  ,13.0,Saludable,0.30307977370522576
635,Arcilloso ,7.6,480.0,,22.0,77.0,,Si,,42.0,,8.0,En riesgo  ,0.39307977370522573
636,Limoso ,5.1,290.0,30.0,57.0,70.0,No,Si,60.0,200.0,Amarillo  ,,Saludable   ,0.30307977370522576
637,Arenoso ,7.1,,,29.0,,,No,,73.0,Rojo  ,23.0,Enfermo ,
638,Arcilloso,7.6,,,22.0,76.0,,Si,,58.0,Rojo  ,,En riesgo  ,0.39307977370522573
639,Limoso,5.8,270.0,31.0,55.0,60.0,No,No,53.0,140.0,Rojo  ,10.0,,0.29307977370522575
640,Arenoso,,370.0,,,65.0,,No,,69.0,Rojo ,19.0,Saludable,0.3430797737052257
641,Arcilloso ,7.4,450.0,,23.0,,,Si,,37.0,Naranja ,6.0,En riesgo ,0.3830797737052257
642,Limoso ,5.6,250.0,29.0,53.0,55.0,No,Si,48.0,170.0,Amarillo ,,Saludable ,0.26307977370522573
643,Arenoso,,370.0,,,65.0,,No,,69.0,Rojo ,19.0,Saludable,0.3430797737052257
644,Arcilloso ,7.6,480.0,,22.0,77.0,,Si,,42.0,,8.0,En riesgo  ,0.39307977370522573
645,Limoso ,5.1,290.0,30.0,57.0,70.0,No,Si,60.0,200.0,Amarillo  ,,Saludable   ,0.30307977370522576
646,Arenoso ,7.1,,,29.0,,,No,,73.0,Rojo  ,23.0,Enfermo ,
647,Arcilloso,7.6,,,22.0,76.0,,Si,,58.0,Rojo  ,,En riesgo  ,0.39307977370522573
648,Limoso,5.8,270.0,31.0,55.0,60.0,No,No,53.0,140.0,Rojo  ,10.0,,0.29307977370522575
649,Arenoso,,370.0,,,65.0,,No,,69.0,Rojo ,19.0,Saludable,0.3430797737052257
650,Arcilloso ,7.4,450.0,,23.0,,,Si,,37.0,Naranja ,6.0,En riesgo ,0.3830797737052257
651,Limoso ,5.6,250.0,29.0,53.0,55.0,No,Si,48.0,170.0,Amarillo ,,Saludable ,0.26307977370522573
652,Arenoso,,370.0,,,65.0,,No,,69.0,Rojo ,19.0,Saludable,0.3430797737052257
653,Arcilloso,7.2,470.0,23.0,75.0,74.0,Si,No,65.0,230.0,Rojo,17.0,En riesgo,0.3730797737052257
654,Limoso,5.5,320.0,29.0,51.0,54.0,No,Si,44.0,180.0,Amarillo,10.0,Enfermo,0.22307977370522572
655,Arenoso,6.8,390.0,27.0,68.0,87.0,No,No,66.0,240.0,Rojo,18.0,Saludable,0.3830797737052257
656,Arcilloso,7.3,460.0,24.0,74.0,76.0,Si,No,62.0,230.0,Rojo,16.0,En riesgo,0.39307977370522573
657,Limoso,5.8,280.0,29.0,56.0,47.0,No,Si,52.0,170.0,Naranja,12.0,Enfermo,0.27307977370522574
658,Arenoso,6.7,400.0,27.0,68.0,91.0,No,No,69.0,250.0,Rojo,19.0,Saludable,0.3730797737052257
659,Arcilloso,7.0,450.0,23.0,74.0,72.0,Si,No,64.0,210.0,Rojo,15.0,En riesgo,0.3630797737052257
660,Limoso,6.0,290.0,29.0,56.0,47.0,No,Si,52.0,170.0,Naranja,12.0,Enfermo,0.28307977370522575
661,Arenoso,6.6,380.0,27.0,68.0,87.0,No,No,63.0,240.0,Rojo,18.0,Saludable,0.3630797737052257
662,Arcilloso,7.4,450.0,24.0,74.0,76.0,Si,No,62.0,230.0,Rojo,16.0,En riesgo,0.40307977370522574
663,Limoso,5.7,290.0,29.0,56.0,47.0,No,Si,47.0,160.0,Amarillo,13.0,Enfermo,0.26307977370522573
664,Arenoso,6.6,400.0,27.0,68.0,91.0,No,No,69.0,250.0,Rojo,19.0,Saludable,0.3630797737052257
665,Arcilloso,7.1,450.0,23.0,74.0,72.0,Si,No,64.0,210.0,Rojo,15.0,En riesgo,0.3630797737052257
666,Limoso,6.1,300.0,30.0,53.0,51.0,No,Si,52.0,170.0,Naranja,12.0,Enfermo,0.28307977370522575
667,Arenoso,6.8,380.0,28.0,66.0,83.0,No,No,67.0,260.0,Rojo,20.0,Saludable,0.3830797737052257
668,Arcilloso,6.9,460.0,22.0,76.0,73.0,Si,No,63.0,220.0,Rojo,14.0,En riesgo,0.3430797737052257
669,Arenoso,6.3,370.0,26.0,67.0,85.0,No,No,68.0,260.0,Rojo,20.0,Saludable,0.3230797737052258
670,Arcilloso,7.5,440.0,23.0,75.0,75.0,Si,No,66.0,220.0,Rojo,14.0,En riesgo,0.39307977370522573
671,Limoso,5.6,310.0,28.0,52.0,53.0,No,Si,45.0,175.0,Naranja,11.0,Enfermo,0.22307977370522572
672,Arenoso,6.8,390.0,27.0,68.0,87.0,No,No,66.0,240.0,Rojo,18.0,Saludable,0.3830797737052257
673,Arcilloso,7.3,460.0,24.0,74.0,76.0,Si,No,62.0,230.0,Rojo,16.0,En riesgo,0.39307977370522573
674,Limoso,5.7,290.0,29.0,56.0,47.0,No,Si,47.0,160.0,Amarillo,13.0,Enfermo,0.26307977370522573
675,Arenoso,6.6,400.0,27.0,68.0,91.0,No,No,69.0,250.0,Rojo,19.0,Saludable,0.3630797737052257
676,Arcilloso,7.1,450.0,23.0,74.0,72.0,Si,No,64.0,210.0,Rojo,15.0,En riesgo,0.3630797737052257
677,Limoso,6.1,300.0,30.0,53.0,51.0,No,Si,52.0,170.0,Naranja,12.0,Enfermo,0.28307977370522575
678,Arenoso,6.8,380.0,28.0,66.0,83.0,No,No,67.0,260.0,Rojo,20.0,Saludable,0.3830797737052257
679,Arcilloso,6.9,460.0,22.0,76.0,73.0,Si,No,63.0,220.0,Rojo,14.0,En riesgo,0.3430797737052257
680,Limoso,5.6,310.0,28.0,52.0,53.0,No,Si,45.0,175.0,Naranja,11.0,Enfermo,0.22307977370522572
681,Arenoso,6.9,410.0,26.0,69.0,93.0,No,No,71.0,270.0,Rojo,21.0,Saludable,0.3730797737052257
682,Arcilloso,7.2,470.0,23.0,75.0,74.0,Si,No,65.0,230.0,Rojo,17.0,En riesgo,0.3730797737052257
683,Limoso,5.5,320.0,29.0,51.0,54.0,No,Si,44.0,180.0,Amarillo,10.0,Enfermo,0.22307977370522572
684,Arenoso,6.8,390.0,27.0,68.0,87.0,No,No,66.0,240.0,Rojo,18.0,Saludable,0.3830797737052257
685,Arcilloso,7.3,460.0,24.0,74.0,76.0,Si,No,62.0,230.0,Rojo,16.0,En riesgo,0.39307977370522573
686,Limoso,5.8,280.0,29.0,56.0,47.0,No,Si,52.0,170.0,Naranja,12.0,Enfermo,0.27307977370522574
687,Arenoso,6.7,400.0,27.0,68.0,91.0,No,No,69.0,250.0,Rojo,19.0,Saludable,0.3730797737052257
688,Arcilloso,7.0,450.0,23.0,74.0,72.0,Si,No,64.0,210.0,Rojo,15.0,En riesgo,0.3630797737052257
689,Limoso,6.0,290.0,29.0,56.0,47.0,No,Si,52.0,170.0,Naranja,12.0,Enfermo,0.28307977370522575
690,Arenoso,6.6,380.0,27.0,68.0,87.0,No,No,63.0,240.0,Rojo,18.0,Saludable,0.3630797737052257
691,Arcilloso,7.4,450.0,24.0,74.0,76.0,Si,No,62.0,230.0,Rojo,16.0,En riesgo,0.40307977370522574
692,Limoso,5.7,290.0,29.0,56.0,47.0,No,Si,47.0,160.0,Amarillo,13.0,Enfermo,0.26307977370522573
693,Arenoso,6.6,400.0,27.0,68.0,91.0,No,No,69.0,250.0,Rojo,19.0,Saludable,0.3630797737052257
694,Arcilloso,7.1,450.0,23.0,74.0,72.0,Si,No,64.0,210.0,Rojo,15.0,En riesgo,0.3630797737052257
695,Limoso,6.1,300.0,30.0,53.0,51.0,No,Si,52.0,170.0,Naranja,12.0,Enfermo,0.28307977370522575
696,Arenoso,6.8,380.0,28.0,66.0,83.0,No,No,67.0,260.0,Rojo,20.0,Saludable,0.3830797737052257
697,Arcilloso,6.9,460.0,22.0,76.0,73.0,Si,No,63.0,220.0,Rojo,14.0,En riesgo,0.3430797737052257
698,Limoso,5.6,310.0,28.0,52.0,53.0,No,Si,45.0,175.0,Naranja,11.0,Enfermo,0.22307977370522572
699,Arenoso,6.9,410.0,26.0,69.0,93.0,No,No,71.0,270.0,Rojo,21.0,Saludable,0.3730797737052257
700,Arcilloso,7.2,470.0,23.0,75.0,74.0,Si,No,65.0,230.0,Rojo,17.0,En riesgo,0.3730797737052257
701,Limoso,5.5,320.0,29.0,51.0,54.0,No,Si,44.0,180.0,Amarillo,10.0,Enfermo,0.22307977370522572
702,Arenoso ,6.5,350.0,,27.0,65.0,,No,,66.0,Rojo  ,17.0,En riesgo,0.3130797737052258
703,Arenoso ,6.6,350.0,,27.0,65.0,,No,,67.0,Rojo  ,18.0,En riesgo,0.3230797737052258
704,Arcilloso ,7.3,,,23.0,74.0,,Si,,55.0, Rojo ,13.0,Enfermo ,0.3730797737052257
705,Limoso,5.7,260.0,30.0,54.0,50.0,No,Si,49.0,160.0,Amarillo,10.0,Enfermo  ,0.24307977370522574
706,Arenoso,,380.0,,,,,No,,70.0,,20.0,Saludable  ,0.3330797737052258
707,Arcilloso,7.6,,,22.0,76.0,,Si,,58.0,Rojo  ,,En riesgo  ,0.39307977370522573
708,Limoso,5.8,270.0,31.0,55.0,60.0,No,No,53.0,140.0,Rojo  ,10.0,,0.29307977370522575
709,Arenoso,,370.0,,,65.0,,No,,69.0,Rojo ,19.0,Saludable,0.3430797737052257
710,Arcilloso ,7.4,450.0,,23.0,,,Si,,37.0,Naranja ,6.0,En riesgo ,0.3830797737052257
711,Limoso ,5.6,250.0,29.0,53.0,55.0,No,Si,48.0,170.0,Amarillo ,,Saludable ,0.26307977370522573
712,Arenoso  ,6.8,,,28.0,66.0,,No,,71.0,Rojo ,21.0,Saludable ,0.3730797737052257
713,Arcilloso,7.5,460.0,,22.0,76.0,,Si,,40.0,Naranja ,7.0,,0.3830797737052257
714,Limoso,5.9,280.0,30.0,56.0,65.0,No,Si,55.0,180.0,Amarillo ,12.0,Saludable,0.28307977370522575
715,Arenoso,,400.0,,,67.0,,No,,72.0,Rojo  ,22.0,Saludable,0.3830797737052257
716,Arcilloso ,7.6,480.0,,22.0,77.0,,Si,,42.0,,8.0,En riesgo  ,0.39307977370522573
717,Limoso ,5.1,290.0,30.0,57.0,70.0,No,Si,60.0,200.0,Amarillo  ,,Saludable   ,0.30307977370522576
718,Arenoso ,7.1,,,29.0,,,No,,73.0,Rojo  ,23.0,Enfermo ,
719,Arcilloso,7.6,,,22.0,76.0,,Si,,58.0,Rojo  ,,En riesgo  ,0.39307977370522573
720,Limoso,5.8,270.0,31.0,55.0,60.0,No,No,53.0,140.0,Rojo  ,10.0,,0.29307977370522575
721,Arenoso,,370.0,,,65.0,,No,,69.0,Rojo ,19.0,Saludable,0.3430797737052257
722,Arcilloso ,7.4,450.0,,23.0,,,Si,,37.0,Naranja ,6.0,En riesgo ,0.3830797737052257
723,Limoso ,5.6,250.0,29.0,53.0,55.0,No,Si,48.0,170.0,Amarillo ,,Saludable ,0.26307977370522573
724,Arenoso  ,6.8,,,28.0,66.0,,No,,71.0,Rojo ,21.0,Saludable ,0.3730797737052257
725,Arcilloso,7.5,460.0,,22.0,76.0,,Si,,40.0,Naranja ,7.0,,0.3830797737052257
726,Limoso,5.9,280.0,30.0,56.0,65.0,No,Si,55.0,180.0,Amarillo ,12.0,Saludable,0.28307977370522575
727,Arenoso,,370.0,,,65.0,,No,,69.0,Rojo ,19.0,Saludable,0.3430797737052257
728,Arcilloso ,7.4,450.0,,23.0,,,Si,,37.0,Naranja ,6.0,En riesgo ,0.3830797737052257
729,Limoso ,5.6,250.0,29.0,53.0,55.0,No,Si,48.0,170.0,Amarillo ,,Saludable ,0.26307977370522573
730,Arenoso  ,6.8,,,28.0,66.0,,No,,71.0,Rojo ,21.0,Saludable ,0.3730797737052257
731,Limoso ,5.7,250.0,29.0,3.0,77.0,No,Si,48.0,-28.0,Amarillo ,,Saludable ,0.4830797737052258
732,Arenoso  ,6.9,,,-22.0,88.0,,No,,-127.0,Rojo ,22.0,Saludable ,0.5930797737052258
733,Limoso,6.1,300.0,30.0,53.0,51.0,No,Si,52.0,170.0,Naranja,12.0,Enfermo,0.28307977370522575
734,Arenoso,6.8,380.0,28.0,66.0,83.0,No,No,67.0,260.0,Rojo,20.0,Saludable,0.3830797737052257
735,Arcilloso,6.9,460.0,22.0,76.0,73.0,Si,No,63.0,220.0,Rojo,14.0,En riesgo,0.3430797737052257
736,Limoso,5.6,310.0,28.0,52.0,53.0,No,Si,45.0,175.0,Naranja,11.0,Enfermo,0.22307977370522572
737,Arenoso,6.9,410.0,26.0,69.0,93.0,No,No,71.0,270.0,Rojo,21.0,Saludable,0.3730797737052257
738,Arcilloso,7.2,470.0,23.0,75.0,74.0,Si,No,65.0,230.0,Rojo,17.0,En riesgo,0.3730797737052257
739,Limoso,5.5,320.0,29.0,51.0,54.0,No,Si,44.0,180.0,Amarillo,10.0,Enfermo,0.22307977370522572
740,Arenoso,6.8,390.0,27.0,68.0,87.0,No,No,66.0,240.0,Rojo,18.0,Saludable,0.3830797737052257
741,Arcilloso,7.8,430.0,21.0,78.0,79.0,Si,No,60.0,210.0,Naranja,15.0,En riesgo,0.39307977370522573
742,Limoso,5.6,330.0,28.0,54.0,55.0,No,Si,46.0,180.0,Rojo,12.0,Enfermo,0.23307977370522573
743,Arenoso,6.8,420.0,26.0,69.0,86.0,No,No,65.0,240.0,Amarillo,19.0,Saludable,0.3730797737052257
744,Arcilloso,7.5,480.0,23.0,76.0,75.0,Si,No,68.0,230.0,Rojo,16.0,En riesgo,0.40307977370522574
745,Limoso,5.7,300.0,29.0,57.0,48.0,No,Si,49.0,165.0,Naranja,13.0,Enfermo,0.27307977370522574
746,Arenoso,6.7,430.0,26.0,68.0,90.0,No,No,68.0,250.0,Amarillo,20.0,Saludable,0.3530797737052257
747,Arcilloso,7.2,470.0,22.0,75.0,73.0,Si,No,62.0,220.0,Rojo,17.0,En riesgo,0.3530797737052257
748,Limoso,6.2,310.0,30.0,52.0,52.0,No,Si,53.0,175.0,Amarillo,14.0,Enfermo,0.28307977370522575
749,Arenoso,6.9,400.0,27.0,67.0,88.0,No,No,66.0,245.0,Rojo,18.0,Saludable,0.3830797737052257
750,Arcilloso,7.4,440.0,24.0,74.0,74.0,Si,No,64.0,225.0,Naranja,15.0,En riesgo,0.40307977370522574
751,Limoso,5.5,320.0,29.0,51.0,53.0,No,Si,48.0,170.0,Rojo,11.0,Enfermo,0.22307977370522572
752,Arenoso,6.6,410.0,28.0,66.0,89.0,No,No,67.0,255.0,Amarillo,21.0,Saludable,0.3730797737052257
753,Arcilloso,7.1,450.0,23.0,73.0,72.0,Si,No,61.0,215.0,Rojo,16.0,En riesgo,0.3630797737052257
754,Limoso,6.3,330.0,30.0,53.0,51.0,No,Si,55.0,185.0,Naranja,12.0,En riesgo,0.29307977370522575
755,Arenoso,6.8,430.0,27.0,68.0,90.0,No,No,66.0,245.0,Rojo,19.0,Saludable,0.3830797737052257
756,Arcilloso,7.3,470.0,24.0,75.0,73.0,Si,No,63.0,225.0,Rojo,17.0,En riesgo,0.40307977370522574
757,Limoso,5.8,310.0,29.0,56.0,49.0,No,Si,50.0,170.0,Amarillo,13.0,Enfermo,0.27307977370522574
758,Arenoso,6.7,420.0,26.0,67.0,87.0,No,No,67.0,240.0,Rojo,18.0,Saludable,0.3530797737052257
759,Arcilloso,7.2,460.0,22.0,74.0,72.0,Si,No,62.0,220.0,Naranja,15.0,En riesgo,0.3530797737052257
760,Limoso,6.4,340.0,30.0,54.0,50.0,No,Si,56.0,190.0,Rojo,12.0,En riesgo,0.30307977370522576
761,Arenoso,6.9,400.0,27.0,68.0,88.0,No,No,66.0,245.0,Rojo,19.0,Saludable,0.3830797737052257
762,Arcilloso ,7.4,450.0,,23.0,,,Si,,37.0,Naranja ,6.0,En riesgo ,0.3830797737052257
763,Limoso ,5.6,250.0,29.0,53.0,55.0,No,Si,48.0,170.0,Amarillo ,,Saludable ,0.26307977370522573
764,Arenoso  ,6.8,,,28.0,66.0,,No,,71.0,Rojo ,21.0,Saludable ,0.3730797737052257
765,Arcilloso,7.5,460.0,,22.0,76.0,,Si,,40.0,Naranja ,7.0,,0.3830797737052257
766,Limoso,5.9,280.0,30.0,56.0,65.0,No,Si,55.0,180.0,Amarillo ,12.0,Saludable,0.28307977370522575
767,Arenoso,,400.0,,,67.0,,No,,72.0,Rojo  ,22.0,Saludable,0.3830797737052257
768,Arcilloso ,7.6,480.0,,22.0,77.0,,Si,,42.0,,8.0,En riesgo  ,0.39307977370522573
769,Limoso ,5.1,290.0,30.0,57.0,70.0,No,Si,60.0,200.0,Amarillo  ,,Saludable   ,0.30307977370522576
770,Arenoso ,7.1,,,29.0,,,No,,73.0,Rojo  ,23.0,Enfermo ,
771,Arcilloso,7.6,,,22.0,76.0,,Si,,58.0,Rojo  ,,En riesgo  ,0.39307977370522573
772,Limoso,5.8,270.0,31.0,55.0,60.0,No,No,53.0,140.0,Rojo  ,10.0,,0.29307977370522575
773,Arenoso,,370.0,,,65.0,,No,,69.0,Rojo ,19.0,Saludable,0.3430797737052257
774,Arcilloso ,7.4,450.0,,23.0,,,Si,,37.0,Naranja ,6.0,En riesgo ,0.3830797737052257
775,Limoso ,5.6,250.0,29.0,53.0,55.0,No,Si,48.0,170.0,Amarillo ,,Saludable ,0.26307977370522573
776,Arenoso  ,6.8,,,28.0,66.0,,No,,71.0,Rojo ,21.0,Saludable ,0.3730797737052257
777,Arcilloso,7.5,460.0,,22.0,76.0,,Si,,40.0,Naranja ,7.0,,0.3830797737052257
778,Arcilloso ,7.4,450.0,,23.0,,,Si,,37.0,Naranja ,6.0,En riesgo ,0.3830797737052257
779,Limoso ,5.6,250.0,29.0,53.0,55.0,No,Si,48.0,170.0,Amarillo ,,Saludable ,0.26307977370522573
780,Arenoso  ,6.8,,,28.0,66.0,,No,,71.0,Rojo ,21.0,Saludable ,0.3730797737052257
781,Arcilloso,7.5,460.0,,22.0,76.0,,Si,,40.0,Naranja ,7.0,,0.3830797737052257
782,Limoso,5.9,280.0,30.0,56.0,65.0,No,Si,55.0,180.0,Amarillo ,12.0,Saludable,0.28307977370522575
783,Arenoso,,400.0,,,67.0,,No,,72.0,Rojo  ,22.0,Saludable,0.3830797737052257
784,Arcilloso ,7.6,480.0,,22.0,77.0,,Si,,42.0,,8.0,En riesgo  ,0.39307977370522573
785,Limoso ,5.1,290.0,30.0,57.0,70.0,No,Si,60.0,200.0,Amarillo  ,,Saludable   ,0.30307977370522576
786,Arenoso ,7.1,,,29.0,,,No,,73.0,Rojo  ,23.0,Enfermo ,
787,Arcilloso,7.6,,,22.0,76.0,,Si,,58.0,Rojo  ,,En riesgo  ,0.39307977370522573
788,Limoso,5.8,270.0,31.0,55.0,60.0,No,No,53.0,140.0,Rojo  ,10.0,,0.29307977370522575
789,Arenoso,,370.0,,,65.0,,No,,69.0,Rojo ,19.0,Saludable,0.3430797737052257
790,Arcilloso ,7.4,450.0,,23.0,,,Si,,37.0,Naranja ,6.0,En riesgo ,0.3830797737052257
791,Limoso ,5.6,250.0,29.0,53.0,55.0,No,Si,48.0,170.0,Amarillo ,,Saludable ,0.26307977370522573
792,Arenoso  ,6.8,,,28.0,66.0,,No,,71.0,Rojo ,21.0,Saludable ,0.3730797737052257
793,Arcilloso,7.5,460.0,,22.0,76.0,,Si,,40.0,Naranja ,7.0,,0.3830797737052257
794,Limoso,5.5,320.0,29.0,51.0,53.0,No,Si,48.0,170.0,Rojo,11.0,Enfermo,0.22307977370522572
795,Arenoso,6.6,410.0,28.0,66.0,89.0,No,No,67.0,255.0,Amarillo,21.0,Saludable,0.3730797737052257
796,Arcilloso,7.1,450.0,23.0,73.0,72.0,Si,No,61.0,215.0,Rojo,16.0,En riesgo,0.3630797737052257
797,Limoso,6.3,330.0,30.0,53.0,51.0,No,Si,55.0,185.0,Naranja,12.0,En riesgo,0.29307977370522575
798,Arenoso,6.8,430.0,27.0,68.0,90.0,No,No,66.0,245.0,Rojo,19.0,Saludable,0.3830797737052257
799,Arcilloso,7.3,470.0,24.0,75.0,73.0,Si,No,63.0,225.0,Rojo,17.0,En riesgo,0.40307977370522574
800,Limoso,5.8,310.0,29.0,56.0,49.0,No,Si,50.0,170.0,Amarillo,13.0,Enfermo,0.27307977370522574
801,Arenoso,6.7,420.0,26.0,67.0,87.0,No,No,67.0,240.0,Rojo,18.0,Saludable,0.3530797737052257
802,Arcilloso,7.2,460.0,22.0,74.0,72.0,Si,No,62.0,220.0,Naranja,15.0,En riesgo,0.3530797737052257
803,Limoso,6.4,340.0,30.0,54.0,50.0,No,Si,56.0,190.0,Rojo,12.0,En riesgo,0.30307977370522576
804,Arenoso,6.9,400.0,27.0,68.0,88.0,No,No,66.0,245.0,Rojo,19.0,Saludable,0.3830797737052257
805,Arcilloso,7.4,440.0,24.0,74.0,74.0,Si,No,64.0,225.0,Naranja,16.0,En riesgo,0.40307977370522574
806,Limoso,5.5,320.0,29.0,51.0,53.0,No,Si,48.0,170.0,Rojo,11.0,Enfermo,0.22307977370522572
807,Arenoso,6.6,410.0,28.0,66.0,89.0,No,No,67.0,255.0,Amarillo,21.0,Saludable,0.3730797737052257
808,Arcilloso,7.1,450.0,23.0,73.0,72.0,Si,No,61.0,215.0,Rojo,16.0,En riesgo,0.3630797737052257
809,Limoso,6.3,330.0,30.0,53.0,51.0,No,Si,55.0,185.0,Naranja,12.0,En riesgo,0.29307977370522575
810,Arenoso,6.8,430.0,27.0,68.0,90.0,No,No,66.0,245.0,Rojo,19.0,Saludable,0.3830797737052257
811,Arcilloso,7.3,470.0,24.0,75.0,73.0,Si,No,63.0,225.0,Rojo,17.0,En riesgo,0.40307977370522574
812,Limoso,5.8,310.0,29.0,56.0,49.0,No,Si,50.0,170.0,Amarillo,13.0,Enfermo,0.27307977370522574
813,Arenoso,6.7,420.0,26.0,67.0,87.0,No,No,67.0,240.0,Rojo,18.0,Saludable,0.3530797737052257
814,Arcilloso,7.2,460.0,22.0,74.0,72.0,Si,No,62.0,220.0,Naranja,15.0,En riesgo,0.3530797737052257
815,Limoso,6.4,340.0,30.0,54.0,50.0,No,Si,56.0,190.0,Rojo,12.0,En riesgo,0.30307977370522576
816,Arenoso,6.9,400.0,27.0,68.0,88.0,No,No,66.0,245.0,Rojo,19.0,Saludable,0.3830797737052257
817,Arcilloso,7.4,440.0,24.0,74.0,74.0,Si,No,64.0,225.0,Naranja,16.0,En riesgo,0.40307977370522574
818,Limoso,5.5,320.0,29.0,51.0,53.0,No,Si,48.0,170.0,Rojo,11.0,Enfermo,0.22307977370522572
819,Arenoso,6.3,390.0,27.0,65.0,80.0,No,No,64.0,235.0,Rojo,18.0,Saludable,0.3230797737052258
820,Arcilloso,7.1,410.0,23.0,72.0,70.0,Si,No,59.0,215.0,Naranja,14.0,En riesgo,0.3530797737052257
821,Limoso,5.8,330.0,29.0,53.0,52.0,No,Si,51.0,175.0,Amarillo,12.0,Enfermo,0.2530797737052257
822,Arenoso,6.7,420.0,26.0,66.0,86.0,No,No,67.0,245.0,Rojo,19.0,Saludable,0.3430797737052257
823,Arcilloso,7.2,450.0,24.0,73.0,72.0,Si,No,62.0,225.0,Rojo,16.0,En riesgo,0.3830797737052257
824,Arcilloso ,7.4,450.0,,23.0,,,Si,,37.0,Naranja ,6.0,En riesgo ,0.3830797737052257
825,Limoso ,5.6,250.0,29.0,53.0,55.0,No,Si,48.0,170.0,Amarillo ,,Saludable ,0.26307977370522573
826,Arenoso  ,6.8,,,28.0,66.0,,No,,71.0,Rojo ,21.0,Saludable ,0.3730797737052257
827,Arcilloso,7.5,460.0,,22.0,76.0,,Si,,40.0,Naranja ,7.0,,0.3830797737052257
828,Limoso,5.9,280.0,30.0,56.0,65.0,No,Si,55.0,180.0,Amarillo ,12.0,Saludable,0.28307977370522575
829,Arenoso,,400.0,,,67.0,,No,,72.0,Rojo  ,22.0,Saludable,0.3830797737052257
830,Arcilloso ,7.6,480.0,,22.0,77.0,,Si,,42.0,,8.0,En riesgo  ,0.39307977370522573
831,Limoso ,5.1,290.0,30.0,57.0,70.0,No,Si,60.0,200.0,Amarillo  ,,Saludable   ,0.30307977370522576
832,Arenoso ,7.1,,,29.0,,,No,,73.0,Rojo  ,23.0,Enfermo ,
833,Arcilloso,7.6,,,22.0,76.0,,Si,,58.0,Rojo  ,,En riesgo  ,0.39307977370522573
834,Limoso,5.8,270.0,31.0,55.0,60.0,No,No,53.0,140.0,Rojo  ,10.0,,0.29307977370522575
835,Arenoso,,370.0,,,65.0,,No,,69.0,Rojo ,19.0,Saludable,0.3430797737052257
836,Arcilloso ,7.4,450.0,,23.0,,,Si,,37.0,Naranja ,6.0,En riesgo ,0.3830797737052257
837,Limoso ,5.6,250.0,29.0,53.0,55.0,No,Si,48.0,170.0,Amarillo ,,Saludable ,0.26307977370522573
838,Arenoso  ,6.8,,,28.0,66.0,,No,,71.0,Rojo ,21.0,Saludable ,0.3730797737052257
839,Arcilloso,7.5,460.0,,22.0,76.0,,Si,,40.0,Naranja ,7.0,,0.3830797737052257
840,Arenoso  ,6.9,,,16.0,86.0,,No,,9.0,Rojo ,-7.0,Saludable ,0.39307977370522573
841,Arcilloso,7.6,460.0,,10.0,96.0,,Si,,-22.0,Naranja ,-21.0,,0.40307977370522574
842,Arenoso,6.8,390.0,27.0,68.0,87.0,No,No,66.0,240.0,Rojo,18.0,Saludable,0.3830797737052257
843,Arcilloso,7.3,460.0,24.0,74.0,76.0,Si,No,62.0,230.0,Rojo,16.0,En riesgo,0.39307977370522573
844,Limoso,5.8,280.0,29.0,56.0,47.0,No,Si,52.0,170.0,Naranja,12.0,Enfermo,0.27307977370522574
845,Arenoso,6.7,400.0,27.0,68.0,91.0,No,No,69.0,250.0,Rojo,19.0,Saludable,0.3730797737052257
846,Arcilloso,7.0,450.0,23.0,74.0,72.0,Si,No,64.0,210.0,Rojo,15.0,En riesgo,0.3630797737052257
847,Limoso,6.0,290.0,29.0,56.0,47.0,No,Si,52.0,170.0,Naranja,12.0,Enfermo,0.28307977370522575
848,Arcilloso,7.6,470.0,22.0,76.0,73.0,Si,No,63.0,220.0,Rojo,14.0,En riesgo,0.3830797737052257
849,Limoso,5.5,320.0,28.0,51.0,54.0,No,Si,44.0,175.0,Amarillo,11.0,Enfermo,0.21307977370522577
850,Arenoso,6.8,400.0,27.0,68.0,87.0,No,No,66.0,240.0,Rojo,18.0,Saludable,0.3830797737052257
851,Arcilloso,7.3,460.0,24.0,74.0,76.0,Si,No,62.0,230.0,Rojo,16.0,En riesgo,0.39307977370522573
852,Limoso,5.7,290.0,29.0,56.0,47.0,No,Si,47.0,160.0,Amarillo,13.0,Enfermo,0.26307977370522573
853,Arenoso,6.6,400.0,27.0,68.0,91.0,No,No,69.0,250.0,Rojo,19.0,Saludable,0.3630797737052257
854,Arcilloso,7.1,450.0,23.0,74.0,72.0,Si,No,64.0,210.0,Rojo,15.0,En riesgo,0.3630797737052257
855,Limoso,6.1,300.0,30.0,53.0,51.0,No,Si,52.0,170.0,Naranja,12.0,Enfermo,0.28307977370522575
856,Arenoso,6.8,380.0,28.0,66.0,83.0,No,No,67.0,260.0,Rojo,20.0,Saludable,0.3830797737052257
857,Arcilloso,6.9,460.0,22.0,76.0,73.0,Si,No,63.0,220.0,Rojo,14.0,En riesgo,0.3430797737052257
858,Limoso,5.6,310.0,28.0,52.0,53.0,No,Si,45.0,175.0,Amarillo,11.0,Enfermo,0.22307977370522572
859,Arenoso,6.9,410.0,26.0,69.0,93.0,No,No,71.0,270.0,Rojo,21.0,Saludable,0.3730797737052257
860,Arcilloso,7.2,470.0,23.0,75.0,74.0,Si,No,65.0,230.0,Rojo,17.0,En riesgo,0.3730797737052257
861,Limoso,5.5,320.0,29.0,51.0,54.0,No,Si,44.0,180.0,Amarillo,10.0,Enfermo,0.22307977370522572
862,Arenoso,6.8,390.0,27.0,68.0,87.0,No,No,66.0,240.0,Rojo,18.0,Saludable,0.3830797737052257
863,Arcilloso,7.3,460.0,24.0,74.0,76.0,Si,No,62.0,230.0,Rojo,16.0,En riesgo,0.39307977370522573
864,Limoso,5.8,280.0,29.0,56.0,47.0,No,Si,52.0,170.0,Naranja,12.0,Enfermo,0.27307977370522574
865,Arenoso,6.7,400.0,27.0,68.0,91.0,No,No,69.0,250.0,Rojo,19.0,Saludable,0.3730797737052257
866,Arcilloso,7.0,450.0,23.0,74.0,72.0,Si,No,64.0,210.0,Rojo,15.0,En riesgo,0.3630797737052257
867,Limoso,6.0,290.0,29.0,56.0,47.0,No,Si,52.0,170.0,Naranja,12.0,Enfermo,0.28307977370522575
868,Arenoso,6.6,380.0,27.0,68.0,87.0,No,No,63.0,240.0,Rojo,18.0,Saludable,0.3630797737052257
869,Arcilloso,7.4,450.0,24.0,74.0,76.0,Si,No,62.0,230.0,Rojo,16.0,En riesgo,0.40307977370522574
870,Limoso,5.7,290.0,29.0,56.0,47.0,No,Si,47.0,160.0,Amarillo,13.0,Enfermo,0.26307977370522573
871,Arenoso,6.6,400.0,27.0,68.0,91.0,No,No,69.0,250.0,Rojo,19.0,Saludable,0.3630797737052257
872,Arcilloso,7.1,450.0,23.0,74.0,72.0,Si,No,64.0,210.0,Rojo,15.0,En riesgo,0.3630797737052257
873,Arenoso  ,6.8,,,28.0,66.0,,No,,71.0,Rojo ,21.0,Saludable ,0.3730797737052257
874,Arcilloso,7.5,460.0,,22.0,76.0,,Si,,40.0,Naranja ,7.0,,0.3830797737052257
875,Limoso,5.9,280.0,30.0,56.0,65.0,No,Si,55.0,180.0,Amarillo ,12.0,Saludable,0.28307977370522575
876,Arenoso,,400.0,,,67.0,,No,,72.0,Rojo  ,22.0,Saludable,0.3830797737052257
877,Arcilloso ,7.6,480.0,,22.0,77.0,,Si,,42.0,,8.0,En riesgo  ,0.39307977370522573
878,Limoso ,5.1,290.0,30.0,57.0,70.0,No,Si,60.0,200.0,Amarillo  ,,Saludable   ,0.30307977370522576
879,Arenoso ,7.1,,,29.0,,,No,,73.0,Rojo  ,23.0,Enfermo ,
880,Arcilloso,7.6,,,22.0,76.0,,Si,,58.0,Rojo  ,,En riesgo  ,0.39307977370522573
881,Limoso,5.8,270.0,31.0,55.0,60.0,No,No,53.0,140.0,Rojo  ,10.0,,0.29307977370522575
882,Arenoso,,370.0,,,65.0,,No,,69.0,Rojo ,19.0,Saludable,0.3430797737052257
883,Arcilloso ,7.4,450.0,,23.0,,,Si,,37.0,Naranja ,6.0,En riesgo ,0.3830797737052257
884,Limoso ,5.6,250.0,29.0,53.0,55.0,No,Si,48.0,170.0,Amarillo ,,Saludable ,0.26307977370522573
885,Arenoso,,370.0,,,65.0,,No,,69.0,Rojo ,19.0,Saludable,0.3430797737052257
886,Arcilloso ,7.4,450.0,,23.0,,,Si,,37.0,Naranja ,6.0,En riesgo ,0.3830797737052257
887,Limoso ,5.6,250.0,29.0,53.0,55.0,No,Si,48.0,170.0,Amarillo ,,Saludable ,0.26307977370522573
888,Arcilloso ,7.4,450.0,,23.0,,,Si,,37.0,Naranja ,6.0,En riesgo ,0.3830797737052257
889,Limoso ,5.6,250.0,29.0,53.0,55.0,No,Si,48.0,170.0,Amarillo ,,Saludable ,0.26307977370522573
890,Arcilloso,6.9,460.0,22.0,76.0,73.0,Si,No,63.0,220.0,Rojo,14.0,En riesgo,0.3430797737052257
891,Limoso,5.6,310.0,28.0,52.0,53.0,No,Si,45.0,175.0,Naranja,11.0,Enfermo,0.22307977370522572
892,Arenoso,6.9,410.0,26.0,69.0,93.0,No,No,71.0,270.0,Rojo,21.0,Saludable,0.3730797737052257
893,Arcilloso,7.2,470.0,23.0,75.0,74.0,Si,No,65.0,230.0,Rojo,17.0,En riesgo,0.3730797737052257
894,Limoso,5.5,320.0,29.0,51.0,54.0,No,Si,44.0,180.0,Amarillo,10.0,Enfermo,0.22307977370522572
895,Arenoso,6.8,390.0,27.0,68.0,87.0,No,No,66.0,240.0,Rojo,18.0,Saludable,0.3830797737052257
896,Arcilloso,7.3,460.0,24.0,74.0,76.0,Si,No,62.0,230.0,Rojo,16.0,En riesgo,0.39307977370522573
897,Limoso,5.8,280.0,29.0,56.0,47.0,No,Si,52.0,170.0,Naranja,12.0,Enfermo,0.27307977370522574
898,Arenoso,6.7,400.0,27.0,68.0,91.0,No,No,69.0,250.0,Rojo,19.0,Saludable,0.3730797737052257
899,Arcilloso,7.0,450.0,23.0,74.0,72.0,Si,No,64.0,210.0,Rojo,15.0,En riesgo,0.3630797737052257
900,Limoso,6.0,290.0,29.0,56.0,47.0,No,Si,52.0,170.0,Naranja,12.0,Enfermo,0.28307977370522575
901,Arenoso,6.6,380.0,27.0,68.0,87.0,No,No,63.0,240.0,Rojo,18.0,Saludable,0.3630797737052257
902,Arcilloso,7.4,450.0,24.0,74.0,76.0,Si,No,62.0,230.0,Rojo,16.0,En riesgo,0.40307977370522574
903,Limoso,5.7,290.0,29.0,56.0,47.0,No,Si,47.0,160.0,Amarillo,13.0,Enfermo,0.26307977370522573
904,Arenoso,6.6,400.0,27.0,68.0,91.0,No,No,69.0,250.0,Rojo,19.0,Saludable,0.3630797737052257
905,Arcilloso,7.1,450.0,23.0,74.0,72.0,Si,No,64.0,210.0,Rojo,15.0,En riesgo,0.3630797737052257
906,Limoso,6.1,300.0,30.0,53.0,51.0,No,Si,52.0,170.0,Naranja,12.0,Enfermo,0.28307977370522575
907,Arenoso,6.8,380.0,28.0,66.0,83.0,No,No,67.0,260.0,Rojo,20.0,Saludable,0.3830797737052257
908,Arenoso,6.3,370.0,26.0,67.0,85.0,No,No,68.0,260.0,Rojo,20.0,Saludable,0.3230797737052258
909,Arcilloso,7.5,440.0,23.0,75.0,75.0,Si,No,66.0,220.0,Rojo,14.0,En riesgo,0.39307977370522573
910,Limoso,5.6,310.0,28.0,52.0,53.0,No,Si,45.0,175.0,Naranja,11.0,Enfermo,0.22307977370522572
911,Arenoso,6.8,390.0,27.0,68.0,87.0,No,No,66.0,240.0,Rojo,18.0,Saludable,0.3830797737052257
912,Arcilloso,7.3,460.0,24.0,74.0,76.0,Si,No,62.0,230.0,Rojo,16.0,En riesgo,0.39307977370522573
913,Limoso,5.7,290.0,29.0,56.0,47.0,No,Si,47.0,160.0,Amarillo,13.0,Enfermo,0.26307977370522573
914,Arenoso,6.6,400.0,27.0,68.0,91.0,No,No,69.0,250.0,Rojo,19.0,Saludable,0.3630797737052257
915,Arcilloso,7.1,450.0,23.0,74.0,72.0,Si,No,64.0,210.0,Rojo,15.0,En riesgo,0.3630797737052257
916,Limoso,6.1,300.0,30.0,53.0,51.0,No,Si,52.0,170.0,Naranja,12.0,Enfermo,0.28307977370522575
917,Arenoso,6.8,380.0,28.0,66.0,83.0,No,No,67.0,260.0,Rojo,20.0,Saludable,0.3830797737052257
918,Arcilloso,6.9,460.0,22.0,76.0,73.0,Si,No,63.0,220.0,Rojo,14.0,En riesgo,0.3430797737052257
919,Limoso,5.6,310.0,28.0,52.0,53.0,No,Si,45.0,175.0,Naranja,11.0,Enfermo,0.22307977370522572
920,Arenoso,6.9,410.0,26.0,69.0,93.0,No,No,71.0,270.0,Rojo,21.0,Saludable,0.3730797737052257
921,Limoso,5.9,280.0,30.0,56.0,65.0,No,Si,55.0,180.0,Amarillo ,12.0,Saludable,0.28307977370522575
922,Arenoso,,400.0,,,67.0,,No,,72.0,Rojo  ,22.0,Saludable,0.3830797737052257
923,Arcilloso ,7.6,480.0,,22.0,77.0,,Si,,42.0,,8.0,En riesgo  ,0.39307977370522573
924,Limoso ,5.1,290.0,30.0,57.0,70.0,No,Si,60.0,200.0,Amarillo  ,,Saludable   ,0.30307977370522576
925,Arenoso ,7.1,,,29.0,,,No,,73.0,Rojo  ,23.0,Enfermo ,
926,Arcilloso,7.6,,,22.0,76.0,,Si,,58.0,Rojo  ,,En riesgo  ,0.39307977370522573
927,Limoso,5.8,270.0,31.0,55.0,60.0,No,No,53.0,140.0,Rojo  ,10.0,,0.29307977370522575
928,Arenoso,,370.0,,,65.0,,No,,69.0,Rojo ,19.0,Saludable,0.3430797737052257
929,Arcilloso ,7.4,450.0,,23.0,,,Si,,37.0,Naranja ,6.0,En riesgo ,0.3830797737052257
930,Limoso ,5.6,250.0,29.0,53.0,55.0,No,Si,48.0,170.0,Amarillo ,,Saludable ,0.26307977370522573
931,Arenoso,,370.0,,,65.0,,No,,69.0,Rojo ,19.0,Saludable,0.3430797737052257
932,Limoso ,5.1,290.0,30.0,57.0,70.0,No,Si,60.0,200.0,Amarillo  ,,Saludable   ,0.30307977370522576
933,Arenoso ,7.1,,,29.0,,,No,,73.0,Rojo  ,23.0,Enfermo ,
934,Arcilloso,7.6,,,22.0,76.0,,Si,,58.0,Rojo  ,,En riesgo  ,0.39307977370522573
935,Limoso,5.8,270.0,31.0,55.0,60.0,No,No,53.0,140.0,Rojo  ,10.0,,0.29307977370522575
936,Arenoso,,370.0,,,65.0,,No,,69.0,Rojo ,19.0,Saludable,0.3430797737052257
937,Limoso ,5.6,250.0,29.0,53.0,55.0,No,Si,48.0,170.0,Amarillo ,,Saludable ,0.26307977370522573
938,Arenoso,,370.0,,,65.0,,No,,69.0,Rojo ,19.0,Saludable,0.3430797737052257
939,Limoso ,5.1,290.0,30.0,57.0,70.0,No,Si,60.0,200.0,Amarillo  ,,Saludable   ,0.30307977370522576
940,Arcilloso,7.4,480.0,23.0,75.0,67.0,Si,No,64.0,220.0,Rojo,15.0,En riesgo,0.39307977370522573
941,Limoso,5.5,320.0,29.0,51.0,54.0,No,Si,44.0,180.0,Amarillo,11.0,Enfermo,0.22307977370522572
942,Arenoso,6.9,410.0,25.0,71.0,94.0,No,No,73.0,280.0,Rojo,22.0,Saludable,0.3730797737052257
943,Arcilloso,6.8,490.0,22.0,75.0,75.0,Si,No,66.0,240.0,Rojo,18.0,En riesgo,0.3330797737052258
944,Limoso,5.4,330.0,29.0,50.0,55.0,No,Si,43.0,185.0,Naranja,9.0,Enfermo,0.21307977370522577
945,Arenoso,6.2,360.0,28.0,69.0,84.0,No,No,68.0,250.0,Rojo,20.0,Saludable,0.3630797737052257
946,Arcilloso,7.5,500.0,22.0,76.0,68.0,Si,No,61.0,230.0,Rojo,16.0,En riesgo,0.3830797737052257
947,Limoso,5.3,340.0,30.0,49.0,56.0,No,Si,42.0,190.0,Amarillo,10.0,Enfermo,0.21307977370522577
948,Arenoso,6.7,420.0,26.0,72.0,95.0,No,No,74.0,285.0,Rojo,23.0,Saludable,0.3830797737052257
949,Arcilloso,6.6,510.0,22.0,76.0,76.0,Si,No,65.0,230.0,Rojo,17.0,En riesgo,0.3230797737052258
950,Limoso,5.2,350.0,30.0,48.0,57.0,No,Si,41.0,195.0,Naranja,8.0,Enfermo,0.20307977370522576
951,Arenoso,6.1,390.0,28.0,70.0,85.0,No,No,68.0,250.0,Rojo,20.0,Saludable,0.3630797737052257
952,Arcilloso,7.6,520.0,21.0,78.0,70.0,Si,No,60.0,240.0,Rojo,18.0,En riesgo,0.3730797737052257
953,Limoso,5.1,360.0,30.0,47.0,58.0,No,Si,40.0,200.0,Amarillo,8.0,Enfermo,0.19307977370522575
954,Arenoso,6.5,400.0,27.0,73.0,86.0,No,No,67.0,260.0,Rojo,21.0,Saludable,0.39307977370522573
955,Arcilloso,6.9,520.0,22.0,77.0,75.0,Si,No,66.0,230.0,Rojo,15.0,En riesgo,0.3530797737052257
956,Limoso,5.0,370.0,30.0,46.0,59.0,No,Si,39.0,205.0,Naranja,7.0,Enfermo,0.18307977370522574
957,Arenoso,6.6,390.0,27.0,68.0,87.0,No,No,63.0,240.0,Rojo,18.0,Saludable,0.3630797737052257
958,Arcilloso,7.3,460.0,24.0,74.0,76.0,Si,No,62.0,230.0,Rojo,16.0,En riesgo,0.39307977370522573
959,Limoso,5.8,280.0,29.0,55.0,52.0,No,Si,47.0,160.0,Amarillo,13.0,Enfermo,0.26307977370522573
960,Arenoso,6.5,400.0,27.0,68.0,91.0,No,No,69.0,250.0,Rojo,19.0,Saludable,0.3630797737052257
961,Arcilloso,7.0,450.0,23.0,74.0,72.0,Si,No,64.0,210.0,Rojo,15.0,En riesgo,0.3630797737052257
962,Limoso,6.0,290.0,29.0,56.0,47.0,No,Si,52.0,170.0,Naranja,12.0,Enfermo,0.28307977370522575
963,Arenoso,6.7,380.0,28.0,66.0,83.0,No,No,67.0,260.0,Rojo,20.0,Saludable,0.3730797737052257
964,Arcilloso,6.9,470.0,22.0,76.0,73.0,Si,No,63.0,220.0,Rojo,14.0,En riesgo,0.3430797737052257
965,Limoso,5.7,300.0,30.0,53.0,51.0,No,Si,49.0,180.0,Amarillo,10.0,Enfermo,0.2530797737052257
966,Arenoso,6.8,410.0,26.0,69.0,93.0,No,No,71.0,270.0,Rojo,21.0,Saludable,0.3730797737052257
967,Arcilloso,6.8,460.0,23.0,75.0,74.0,Si,No,65.0,230.0,Rojo,17.0,En riesgo,0.3530797737052257
968,Limoso,5.6,310.0,28.0,52.0,53.0,No,Si,45.0,175.0,Naranja,11.0,Enfermo,0.22307977370522572
969,Arenoso,6.4,380.0,26.0,67.0,86.0,No,No,64.0,240.0,Rojo,18.0,Saludable,0.3330797737052258
970,Arcilloso,7.2,450.0,24.0,74.0,76.0,Si,No,62.0,230.0,Rojo,16.0,En riesgo,0.39307977370522573
971,Arcilloso ,7.6,480.0,,22.0,77.0,,Si,,42.0,,8.0,En riesgo  ,0.39307977370522573
972,Limoso ,5.1,290.0,30.0,57.0,70.0,No,Si,60.0,200.0,Amarillo  ,,Saludable   ,0.30307977370522576
973,Arenoso ,7.1,,,29.0,,,No,,73.0,Rojo  ,23.0,Enfermo ,
974,Arcilloso,7.6,,,22.0,76.0,,Si,,58.0,Rojo  ,,En riesgo  ,0.39307977370522573
975,Limoso,5.8,270.0,31.0,55.0,60.0,No,No,53.0,140.0,Rojo  ,10.0,,0.29307977370522575
976,Arenoso,,370.0,,,65.0,,No,,69.0,Rojo ,19.0,Saludable,0.3430797737052257
977,Arcilloso ,7.4,450.0,,23.0,,,Si,,37.0,Naranja ,6.0,En riesgo ,0.3830797737052257
978,Limoso ,5.6,250.0,29.0,53.0,55.0,No,Si,48.0,170.0,Amarillo ,,Saludable ,0.26307977370522573
979,Arenoso,,370.0,,,65.0,,No,,69.0,Rojo ,19.0,Saludable,0.3430797737052257
980,Arcilloso,7.7,510.0,21.0,78.0,69.0,Si,No,59.0,235.0,Rojo,18.0,En riesgo,0.3830797737052257
981,Limoso,5.2,360.0,30.0,48.0,57.0,No,Si,41.0,185.0,Naranja,8.0,Enfermo,0.20307977370522576
982,Arenoso,6.6,420.0,26.0,72.0,95.0,No,No,74.0,275.0,Rojo,24.0,Saludable,0.3730797737052257
983,Arcilloso,6.7,500.0,22.0,76.0,76.0,Si,No,65.0,220.0,Rojo,16.0,En riesgo,0.3330797737052258
984,Limoso,5.1,370.0,30.0,47.0,58.0,No,Si,40.0,190.0,Amarillo,9.0,Enfermo,0.19307977370522575
985,Arenoso,6.0,380.0,28.0,70.0,85.0,No,No,68.0,250.0,Rojo,20.0,Saludable,0.3530797737052257
986,Arcilloso,7.8,520.0,21.0,79.0,70.0,Si,No,58.0,240.0,Rojo,19.0,En riesgo,0.39307977370522573
987,Limoso,5.0,380.0,30.0,46.0,59.0,No,Si,39.0,195.0,Naranja,7.0,Enfermo,0.18307977370522574
988,Arenoso,6.5,400.0,27.0,73.0,86.0,No,No,67.0,260.0,Rojo,21.0,Saludable,0.39307977370522573
989,Arcilloso,6.9,510.0,22.0,77.0,75.0,Si,No,66.0,225.0,Rojo,15.0,En riesgo,0.3530797737052257
990,Limoso,4.9,390.0,30.0,45.0,60.0,No,Si,38.0,200.0,Amarillo,8.0,Enfermo,0.17307977370522573
991,Arcilloso ,7.6,480.0,,22.0,77.0,,Si,,42.0,,8.0,En riesgo  ,0.39307977370522573
992,Limoso ,5.1,290.0,30.0,57.0,70.0,No,Si,60.0,200.0,Amarillo  ,,Saludable   ,0.30307977370522576
993,Arenoso ,7.1,,,29.0,,,No,,73.0,Rojo  ,23.0,Enfermo ,
994,Arcilloso,7.6,,,22.0,76.0,,Si,,58.0,Rojo  ,,En riesgo  ,0.39307977370522573
995,Limoso,5.8,270.0,31.0,55.0,60.0,No,No,53.0,140.0,Rojo  ,10.0,,0.29307977370522575
996,Arenoso,,370.0,,,65.0,,No,,69.0,Rojo ,19.0,Saludable,0.3430797737052257
997,Arcilloso ,7.4,450.0,,23.0,,,Si,,37.0,Naranja ,6.0,En riesgo ,0.3830797737052257
998,Limoso ,5.6,250.0,29.0,53.0,55.0,No,Si,48.0,170.0,Amarillo ,,Saludable ,0.26307977370522573
999,Arenoso,,370.0,,,65.0,,No,,69.0,Rojo ,19.0,Saludable,0.3430797737052257
1000,Arenoso,6.4,390.0,26.0,67.0,85.0,No,No,69.0,240.0,Rojo,18.0,Saludable,0.3330797737052258
1001,Arcilloso,7.5,500.0,23.0,74.0,65.0,Si,No,64.0,220.0,Naranja,12.0,En riesgo,0.39307977370522573
1002,Limoso,5.7,270.0,29.0,53.0,60.0,No,No,53.0,170.0,Rojo,11.0,Enfermo,0.24307977370522574
1003,Arenoso,6.2,380.0,27.0,65.0,80.0,No,No,68.0,240.0,Rojo,20.0,Saludable,0.3230797737052258
1004,Arcilloso,7.6,510.0,22.0,75.0,70.0,Si,Si,39.0,130.0,Naranja,7.0,En riesgo,0.3830797737052257
1005,Limoso,6.1,250.0,29.0,56.0,55.0,No,Si,52.0,170.0,Rojo,10.0,En riesgo,0.28307977370522575
1006,Arenoso,6.7,400.0,25.0,68.0,95.0,No,No,65.0,250.0,Rojo,19.0,Saludable,0.3430797737052257
1007,Arcilloso,7.3,460.0,24.0,73.0,75.0,Si,No,61.0,220.0,Rojo,15.0,En riesgo,0.39307977370522573
1008,Limoso,5.6,290.0,28.0,55.0,40.0,No,Si,44.0,140.0,Amarillo,12.0,Enfermo,0.24307977370522574
1009,Arenoso,6.3,370.0,26.0,67.0,85.0,No,No,63.0,230.0,Rojo,17.0,Saludable,0.3230797737052258
1010,Arcilloso,7.2,440.0,24.0,73.0,75.0,Si,No,60.0,220.0,Rojo,15.0,En riesgo,0.3830797737052257
1011,Arcilloso ,7.6,480.0,,22.0,77.0,,Si,,42.0,,8.0,En riesgo  ,0.39307977370522573
1012,Limoso ,5.1,290.0,30.0,57.0,70.0,No,Si,60.0,200.0,Amarillo  ,,Saludable   ,0.30307977370522576
1013,Arenoso ,7.1,,,29.0,,,No,,73.0,Rojo  ,23.0,Enfermo ,
1014,Arcilloso,7.6,,,22.0,76.0,,Si,,58.0,Rojo  ,,En riesgo  ,0.39307977370522573
1015,Limoso,5.8,270.0,31.0,55.0,60.0,No,No,53.0,140.0,Rojo  ,10.0,,0.29307977370522575
1016,Arenoso,,370.0,,,65.0,,No,,69.0,Rojo ,19.0,Saludable,0.3430797737052257
1017,Arcilloso ,7.4,450.0,,23.0,,,Si,,37.0,Naranja ,6.0,En riesgo ,0.3830797737052257
1018,Limoso ,5.6,250.0,29.0,53.0,55.0,No,Si,48.0,170.0,Amarillo ,,Saludable ,0.26307977370522573
1019,Arenoso,,370.0,,,65.0,,No,,69.0,Rojo ,19.0,Saludable,0.3430797737052257
1020,Limoso,5.7,260.0,28.0,56.0,45.0,No,Si,46.0,150.0,Naranja,10.0,Enfermo,0.2530797737052257
1021,Arenoso,6.8,400.0,26.0,68.0,95.0,No,No,68.0,240.0,Rojo,18.0,Saludable,0.3630797737052257
1022,Arcilloso,7.2,430.0,23.0,72.0,70.0,Si,No,62.0,200.0,Rojo,14.0,En riesgo,0.3630797737052257
1023,Limoso,5.6,280.0,28.0,57.0,45.0,No,Si,48.0,160.0,Naranja,11.0,Enfermo,0.2530797737052257
1024,Arenoso,6.5,390.0,27.0,65.0,80.0,No,No,67.0,250.0,Rojo,20.0,Saludable,0.3430797737052257
1025,Arcilloso,7.6,500.0,22.0,75.0,70.0,Si,Si,38.0,130.0,Naranja,7.0,En riesgo,0.3830797737052257
1026,Limoso,6.0,250.0,29.0,56.0,55.0,No,Si,52.0,170.0,Rojo,10.0,Enfermo,0.28307977370522575
1027,Arenoso,6.3,390.0,26.0,66.0,85.0,No,No,63.0,230.0,Rojo,17.0,Saludable,0.3230797737052258
1028,Arcilloso,7.2,470.0,24.0,73.0,75.0,Si,No,60.0,220.0,Rojo,15.0,En riesgo,0.3830797737052257
1029,Limoso,5.8,270.0,28.0,54.0,50.0,No,Si,45.0,150.0,Amarillo,12.0,Enfermo,0.24307977370522574
1030,Arenoso,6.7,400.0,26.0,67.0,90.0,No,No,68.0,240.0,Rojo,18.0,Saludable,0.3530797737052257
1031,Arcilloso,7.1,430.0,23.0,73.0,70.0,Si,No,62.0,200.0,Rojo,14.0,En riesgo,0.3630797737052257
1032,Limoso,5.7,280.0,28.0,57.0,45.0,No,Si,49.0,160.0,Naranja,11.0,Enfermo,0.2530797737052257
1033,Arenoso,6.2,380.0,27.0,65.0,80.0,No,No,67.0,250.0,Rojo,20.0,Saludable,0.3230797737052258
1034,Arcilloso,7.5,490.0,22.0,75.0,70.0,Si,Si,37.0,130.0,Naranja,7.0,En riesgo,0.3730797737052257
1035,Limoso,6.1,260.0,29.0,56.0,55.0,No,Si,51.0,170.0,Rojo,10.0,En riesgo,0.28307977370522575
1036,Arenoso,6.8,410.0,25.0,68.0,95.0,No,No,66.0,260.0,Rojo,19.0,Saludable,0.3430797737052257
1037,Arcilloso,7.0,440.0,24.0,73.0,70.0,Si,No,61.0,210.0,Rojo,16.0,En riesgo,0.3730797737052257
1038,Limoso,5.6,290.0,28.0,55.0,40.0,No,Si,44.0,140.0,Amarillo,13.0,Enfermo,0.24307977370522574
1039,Arenoso,6.6,390.0,26.0,67.0,85.0,No,No,69.0,240.0,Rojo,18.0,Saludable,0.3430797737052257
1040,Arcilloso,7.4,500.0,23.0,74.0,65.0,Si,No,64.0,220.0,Naranja,12.0,En riesgo,0.3830797737052257
1041,Limoso,6.0,250.0,30.0,53.0,60.0,No,No,53.0,170.0,Rojo,11.0,Enfermo,0.27307977370522574
1042,Arenoso,6.5,380.0,27.0,65.0,80.0,No,No,67.0,240.0,Rojo,20.0,Saludable,0.3430797737052257
1043,Arcilloso,7.3,460.0,22.0,73.0,75.0,Si,No,61.0,220.0,Rojo,15.0,En riesgo,0.3530797737052257
1044,Limoso,5.9,230.0,30.0,54.0,50.0,No,Si,48.0,160.0,Amarillo,9.0,Enfermo,0.27307977370522574
1045,Arenoso,6.4,370.0,27.0,65.0,80.0,No,No,68.0,240.0,Rojo,19.0,Saludable,0.3330797737052258
1046,Arcilloso,7.6,510.0,22.0,75.0,70.0,Si,Si,38.0,130.0,Naranja,7.0,En riesgo,0.3830797737052257
1047,Limoso,6.2,270.0,29.0,56.0,55.0,No,Si,52.0,170.0,Rojo,10.0,En riesgo,0.29307977370522575
1048,Arenoso,6.9,420.0,25.0,67.0,90.0,No,No,64.0,230.0,Rojo,17.0,Saludable,0.3430797737052257
1049,Arcilloso,7.2,480.0,24.0,73.0,75.0,Si,No,60.0,220.0,Rojo,15.0,En riesgo,0.3830797737052257
1050,Limoso,5.8,280.0,28.0,54.0,50.0,No,Si,45.0,150.0,Amarillo,12.0,Enfermo,0.24307977370522574
